LTKBID,compound,node_id,node_type,generation,precursor_smiles,mechanism,enzyme,state_window,smiles,formal_charge,reactive_alert_count,reactive_alerts,selection_score,replaces_node_id,replaces_smiles,retention_ratio
DMAP_CHLORPROMAZINE,Chlorpromazine,DMAP_CHLORPROMAZINE__CFR0001,metabolite,1,CN(C)CCCN1c2ccccc2Sc2ccc(Cl)cc21,N-Dealkylation of mixed tertiary amine,"CYP1A2
CYP2A6
CYP2B6
CYP2C8
CYP2C9
CYP2C19
CYP2D6
CYP3A4",metabolite,Clc1ccc2c(c1)Nc1ccccc1S2,0,0,,1.0,DMAP_CHLORPROMAZINE__R3M0,CN(C)CCC=O,0.7142857142857143
DMAP_MILNACIPRAN,Milnacipran,DMAP_MILNACIPRAN__CFR0002,metabolite,1,CCN(CC)C(=O)C1(c2ccccc2)CC1CN,N-Dealkylation of tertiary carboxamide,"CYP1A2
CYP2A6
CYP2B6
CYP2C8
CYP2C9
CYP2C19
CYP2D6
CYP3A4",metabolite,CCNC(=O)C1(c2ccccc2)CC1CN,0,0,,1.0,DMAP_MILNACIPRAN__R3M1,CC=O,0.8888888888888888
LT00013,Cyclophosphamide,LT00013__CFR0003,metabolite,1,O=P1(N(CCCl)CCCl)NCCCO1,N-Dechloroethylation,"CYP2B6
CYP3A4",metabolite,O=P1(NCCCl)NCCCO1,0,0,,0.0,LT00013__R3M0,O=CCCl,0.7857142857142857
LT00045,Amineptine,LT00045__CFR0004,metabolite,1,O=C(O)CCCCCCNC1c2ccccc2CCc2ccccc21,N-Dealkylation of acyclic secondary amine,"CYP1A2
CYP2B6
CYP2C8
CYP2C9
CYP2C19
CYP2D6
CYP3A4",metabolite,NC1c2ccccc2CCc2ccccc21,0,0,,1.0,LT00045__R3M0,O=CCCCCCC(=O)O,0.64
LT00052,Donepezil hydrochloride,LT00052__CFR0005,metabolite,1,COc1cc2c(cc1OC)C(=O)C(CC1CCN(Cc3ccccc3)CC1)C2,N-Dealkylation of alicyclic tertiary amine,"CYP1A2
CYP2A6
CYP2B6
CYP2C8
CYP2C9
CYP2C19
CYP2D6
CYP3A4",metabolite,COc1cc2c(cc1OC)C(=O)C(CC1CCNCC1)C2,0,0,,1.0,LT00052__R3M1,O=Cc1ccccc1,0.75
LT00068,Chlorpromazine hydrochloride,LT00068__CFR0006,metabolite,1,CN(C)CCCN1c2ccccc2Sc2ccc(Cl)cc21,N-Dealkylation of mixed tertiary amine,"CYP1A2
CYP2A6
CYP2B6
CYP2C8
CYP2C9
CYP2C19
CYP2D6
CYP3A4",metabolite,Clc1ccc2c(c1)Nc1ccccc1S2,0,0,,1.0,LT00068__R3M0,CN(C)CCC=O,0.7142857142857143
LT00108,Imipramine hydrochloride,LT00108__CFR0007,metabolite,1,CN(C)CCCN1c2ccccc2CCc2ccccc21,N-Dealkylation of mixed tertiary amine,"CYP1A2
CYP2A6
CYP2B6
CYP2C8
CYP2C9
CYP2C19
CYP2D6
CYP3A4",metabolite,c1ccc2c(c1)CCc1ccccc1N2,0,0,,1.0,LT00108__R3M0,CN(C)CCC=O,0.7142857142857143
LT00185,Clomipramine hydrochloride,LT00185__CFR0008,metabolite,1,CN(C)CCCN1c2ccccc2CCc2ccc(Cl)cc21,N-Dealkylation of mixed tertiary amine,"CYP1A2
CYP2A6
CYP2B6
CYP2C8
CYP2C9
CYP2C19
CYP2D6
CYP3A4",metabolite,Clc1ccc2c(c1)Nc1ccccc1CC2,0,0,,1.0,LT00185__R3M0,CN(C)CCC=O,0.7272727272727273
LT00205,Promethazine hydrochloride,LT00205__CFR0009,metabolite,1,CC(CN1c2ccccc2Sc2ccccc21)N(C)C,N-Dealkylation of mixed tertiary amine,"CYP1A2
CYP2A6
CYP2B6
CYP2C8
CYP2C9
CYP2C19
CYP2D6
CYP3A4",metabolite,c1ccc2c(c1)Nc1ccccc1S2,0,0,,1.0,LT00205__R3M0,CC(C=O)N(C)C,0.7
LT00207,Carvedilol,LT00207__CFR0010,metabolite,1,COc1ccccc1OCCNCC(O)COc1cccc2[nH]c3ccccc3c12,N-Dealkylation of acyclic secondary amine,"CYP1A2
CYP2B6
CYP2C8
CYP2C9
CYP2C19
CYP2D6
CYP3A4",metabolite,NCC(O)COc1cccc2[nH]c3ccccc3c12,0,0,,1.0,LT00207__R3M1,COc1ccccc1OCC=O,0.6333333333333333
LT00216,Pergolide mesylate,LT00216__CFR0011,metabolite,1,CCCN1C[C@H](CSC)C[C@@H]2c3cccc4[nH]cc(c34)C[C@H]21,N-Dealkylation of alicyclic tertiary amine,"CYP1A2
CYP2A6
CYP2B6
CYP2C8
CYP2C9
CYP2C19
CYP2D6
CYP3A4",metabolite,CSC[C@H]1CN[C@@H]2Cc3c[nH]c4cccc(c34)[C@H]2C1,0,0,,1.0,LT00216__R3M0,CCC=O,0.8636363636363636
LT00264,Rabeprazole sodium,LT00264__CFR0012,metabolite,1,COCCCOc1ccnc(C[S+]([O-])c2nc3ccccc3[nH]2)c1C,O-Dealkylation,"CYP1A2
CYP2A6
CYP2C9
CYP2C19
CYP2D6
CYP2E1
CYP3A4",metabolite,Cc1c(O)ccnc1C[S+]([O-])c1nc2ccccc2[nH]1,0,0,,1.0,LT00264__R3M0,COCCC=O,0.8
LT00267,Quetiapine fumarate,LT00267__CFR0013,metabolite,1,OCCOCCN1CCN(C2=Nc3ccccc3Sc3ccccc32)CC1,N-Dealkylation of alicyclic tertiary amine,"CYP1A2
CYP2A6
CYP2B6
CYP2C8
CYP2C9
CYP2C19
CYP2D6
CYP3A4",metabolite,c1ccc2c(c1)N=C(N1CCNCC1)c1ccccc1S2,0,0,,1.0,LT00267__R3M0,O=CCOCCO,0.7777777777777778
LT00267,Quetiapine fumarate,LT00267__CFR0014,metabolite,1,OCCOCCN1CCN(C2=Nc3ccccc3Sc3ccccc32)CC1,O-Dealkylation of dialkylether,"CYP1A2
CYP2C9
CYP2C19
CYP2D6
CYP3A4",metabolite,OCCN1CCN(C2=Nc3ccccc3Sc3ccccc32)CC1,0,0,,1.0,LT00267__R3M1,O=CCO,0.8888888888888888
LT00286,Chlorambucil,LT00286__CFR0015,metabolite,1,O=C(O)CCCc1ccc(N(CCCl)CCCl)cc1,N-Dealkylation of mixed tertiary amine,"CYP1A2
CYP2A6
CYP2B6
CYP2C8
CYP2C9
CYP2C19
CYP2D6
CYP3A4",metabolite,O=C(O)CCCc1ccc(NCCCl)cc1,0,0,,1.0,LT00286__R3M1,O=CCCl,0.8421052631578947
LT00307,Lansoprazole,LT00307__CFR0016,metabolite,1,Cc1c(OCC(F)(F)F)ccnc1C[S+]([O-])c1nc2ccccc2[nH]1,O-Dealkylation,"CYP1A2
CYP2A6
CYP2C9
CYP2C19
CYP2D6
CYP2E1
CYP3A4",metabolite,Cc1c(O)ccnc1C[S+]([O-])c1nc2ccccc2[nH]1,0,0,,1.0,LT00307__R3M0,O=CC(F)(F)F,0.8
LT00311,Naltrexone hydrochloride,LT00311__CFR0017,metabolite,1,O=C1CC[C@@]2(O)[C@H]3Cc4ccc(O)c5c4[C@@]2(CCN3CC2CC2)[C@H]1O5,N-Dealkylation of alicyclic tertiary amine,"CYP1A2
CYP2A6
CYP2B6
CYP2C8
CYP2C9
CYP2C19
CYP2D6
CYP3A4",metabolite,O=C1CC[C@@]2(O)[C@H]3Cc4ccc(O)c5c4[C@@]2(CCN3)[C@H]1O5,0,0,,1.0,LT00311__R3M0,O=CC1CC1,0.84
LT00332,Verapamil hydrochloride,LT00332__CFR0018,metabolite,1,COc1ccc(CCN(C)CCCC(C#N)(c2ccc(OC)c(OC)c2)C(C)C)cc1OC,N-Dealkylation of acyclic tertiary amine,"CYP1A2
CYP2A6
CYP2B6
CYP2C8
CYP2C9
CYP2C19
CYP2D6
CYP2E1
CYP3A4",metabolite,COc1ccc(CCNCCCC(C#N)(c2ccc(OC)c(OC)c2)C(C)C)cc1OC,0,0,,1.0,LT00332__R3M0,COc1ccc(CC=O)cc1OC,0.9696969696969697
LT00400,Fluphenazine hydrochloride,LT00400__CFR0019,metabolite,1,OCCN1CCN(CCCN2c3ccccc3Sc3ccc(C(F)(F)F)cc32)CC1,N-Dealkylation of mixed tertiary amine,"CYP1A2
CYP2A6
CYP2B6
CYP2C8
CYP2C9
CYP2C19
CYP2D6
CYP3A4",metabolite,FC(F)(F)c1ccc2c(c1)Nc1ccccc1S2,0,0,,1.0,LT00400__R3M0,O=CCCN1CCN(CCO)CC1,0.6
LT00400,Fluphenazine hydrochloride,LT00400__CFR0020,metabolite,1,OCCN1CCN(CCCN2c3ccccc3Sc3ccc(C(F)(F)F)cc32)CC1,N-Dealkylation of alicyclic tertiary amine,"CYP1A2
CYP2A6
CYP2B6
CYP2C8
CYP2C9
CYP2C19
CYP2D6
CYP3A4",metabolite,FC(F)(F)c1ccc2c(c1)N(CCCN1CCNCC1)c1ccccc1S2,0,0,,1.0,LT00400__R3M1,O=CCO,0.9
LT00419,Ioversol,LT00419__CFR0021,metabolite,1,O=C(NCC(O)CO)c1c(I)c(C(=O)NCC(O)CO)c(I)c(N(CCO)C(=O)CO)c1I,N-Dealkylation of tertiary carboxamide,"CYP1A2
CYP2A6
CYP2B6
CYP2C8
CYP2C9
CYP2C19
CYP2D6
CYP3A4",metabolite,O=C(CO)Nc1c(I)c(C(=O)NCC(O)CO)c(I)c(C(=O)NCC(O)CO)c1I,0,0,,1.0,LT00419__R3M0,O=CCO,0.9090909090909091
LT00437,Prochlorperazine maleate,LT00437__CFR0022,metabolite,1,CN1CCN(CCCN2c3ccccc3Sc3ccc(Cl)cc32)CC1,N-Dealkylation of mixed tertiary amine,"CYP1A2
CYP2A6
CYP2B6
CYP2C8
CYP2C9
CYP2C19
CYP2D6
CYP3A4",metabolite,Clc1ccc2c(c1)Nc1ccccc1S2,0,0,,1.0,LT00437__R3M0,CN1CCN(CCC=O)CC1,0.6
LT00451,Thioridazine hydrochloride,LT00451__CFR0023,metabolite,1,CSc1ccc2c(c1)N(CCC1CCCCN1C)c1ccccc1S2,N-Dealkylation of mixed tertiary amine,"CYP1A2
CYP2A6
CYP2B6
CYP2C8
CYP2C9
CYP2C19
CYP2D6
CYP3A4",metabolite,CSc1ccc2c(c1)Nc1ccccc1S2,0,0,,1.0,LT00451__R3M0,CN1CCCCC1CC=O,0.64
LT00457,Trifluoperazine hydrochloride,LT00457__CFR0024,metabolite,1,CN1CCN(CCCN2c3ccccc3Sc3ccc(C(F)(F)F)cc32)CC1,N-Dealkylation of mixed tertiary amine,"CYP1A2
CYP2A6
CYP2B6
CYP2C8
CYP2C9
CYP2C19
CYP2D6
CYP3A4",metabolite,FC(F)(F)c1ccc2c(c1)Nc1ccccc1S2,0,0,,1.0,LT00457__R3M0,CN1CCN(CCC=O)CC1,0.6428571428571429
LT00554,Febuxostat,LT00554__CFR0025,metabolite,1,Cc1nc(-c2ccc(OCC(C)C)c(C#N)c2)sc1C(=O)O,O-Dealkylation,"CYP1A2
CYP2A6
CYP2C9
CYP2C19
CYP2D6
CYP2E1
CYP3A4",metabolite,Cc1nc(-c2ccc(O)c(C#N)c2)sc1C(=O)O,0,0,,1.0,LT00554__R3M1,CC(C)C=O,0.8181818181818182
LT00562,Ifosfamide,LT00562__CFR0026,metabolite,1,O=P1(NCCCl)OCCCN1CCCl,N-Dechloroethylation,"CYP2B6
CYP3A4",metabolite,O=P1(NCCCl)NCCCO1,0,0,,0.0,LT00562__R3M0,O=CCCl,0.7857142857142857
LT00592,Naloxone hydrochloride,LT00592__CFR0027,metabolite,1,C=CCN1CC[C@]23c4c5ccc(O)c4O[C@H]2C(=O)CC[C@@]3(O)[C@H]1C5,N-Dealkylation of alicyclic tertiary amine,"CYP1A2
CYP2A6
CYP2B6
CYP2C8
CYP2C9
CYP2C19
CYP2D6
CYP3A4",metabolite,O=C1CC[C@@]2(O)[C@H]3Cc4ccc(O)c5c4[C@@]2(CCN3)[C@H]1O5,0,0,,1.0,LT00592__R3M0,C=CC=O,0.875
LT00606,Pantoprazole sodium,LT00606__CFR0028,metabolite,1,COc1ccnc(C[S+]([O-])c2nc3cc(OC(F)F)ccc3[nH]2)c1OC,O-Dealkylation,"CYP1A2
CYP2A6
CYP2C9
CYP2C19
CYP2D6
CYP2E1
CYP3A4",metabolite,COc1c(O)ccnc1C[S+]([O-])c1nc2cc(OC(F)F)ccc2[nH]1,0,0,,1.0,LT00606__R3M0,O=C(F)F,0.9615384615384616
LT00648,Zaleplon,LT00648__CFR0029,metabolite,1,CCN(C(C)=O)c1cccc(-c2ccnc3c(C#N)cnn23)c1,N-Dealkylation of tertiary carboxamide,"CYP1A2
CYP2A6
CYP2B6
CYP2C8
CYP2C9
CYP2C19
CYP2D6
CYP3A4",metabolite,CC(=O)Nc1cccc(-c2ccnc3c(C#N)cnn23)c1,0,0,,1.0,LT00648__R3M1,CC=O,0.9130434782608695
LT00659,Bendamustine hydrochloride,LT00659__CFR0030,metabolite,1,Cn1c(CCCC(=O)O)nc2cc(N(CCCl)CCCl)ccc21,N-Dealkylation of mixed tertiary amine,"CYP1A2
CYP2A6
CYP2B6
CYP2C8
CYP2C9
CYP2C19
CYP2D6
CYP3A4",metabolite,Cn1c(CCCC(=O)O)nc2cc(NCCCl)ccc21,0,0,,1.0,LT00659__R3M0,O=CCCl,0.8695652173913043
LT00692,Alclofenac,LT00692__CFR0031,metabolite,1,C=CCOc1ccc(CC(=O)O)cc1Cl,O-Dealkylation,"CYP1A2
CYP2A6
CYP2C9
CYP2C19
CYP2D6
CYP2E1
CYP3A4",metabolite,O=C(O)Cc1ccc(O)c(Cl)c1,0,0,,1.0,LT00692__R3M0,C=CC=O,0.8
LT00693,Aplaviroc,LT00693__CFR0032,metabolite,1,CCCCN1C(=O)[C@@H]([C@H](O)C2CCCCC2)NC(=O)C12CCN(Cc1ccc(Oc3ccc(C(=O)O)cc3)cc1)CC2,N-Dealkylation of alicyclic tertiary amine,"CYP1A2
CYP2A6
CYP2B6
CYP2C8
CYP2C9
CYP2C19
CYP2D6
CYP3A4",metabolite,CCCCN1C(=O)[C@@H]([C@H](O)C2CCCCC2)NC(=O)C12CCNCC2,0,0,,1.0,LT00693__R3M0,O=Cc1ccc(Oc2ccc(C(=O)O)cc2)cc1,0.5952380952380952
LT00737,Dicyclomine hydrochloride,LT00737__CFR0033,metabolite,1,CCN(CC)CCOC(=O)C1(C2CCCCC2)CCCCC1,N-Dealkylation of acyclic tertiary amine,"CYP1A2
CYP2A6
CYP2B6
CYP2C8
CYP2C9
CYP2C19
CYP2D6
CYP2E1
CYP3A4",metabolite,CCNCCOC(=O)C1(C2CCCCC2)CCCCC1,0,0,,1.0,LT00737__R3M0,CC=O,0.9090909090909091
LT00792,Meclizine hydrochloride,LT00792__CFR0034,metabolite,1,Cc1cccc(CN2CCN(C(c3ccccc3)c3ccc(Cl)cc3)CC2)c1,N-Dealkylation of alicyclic tertiary amine,"CYP1A2
CYP2A6
CYP2B6
CYP2C8
CYP2C9
CYP2C19
CYP2D6
CYP3A4",metabolite,Clc1ccc(C(c2ccccc2)N2CCNCC2)cc1,0,0,,1.0,LT00792__R3M0,Cc1cccc(C=O)c1,0.7142857142857143
LT00795,Ethotoin,LT00795__CFR0035,metabolite,1,CCN1C(=O)NC(c2ccccc2)C1=O,N-Dealkylation of dicarboximide,"CYP1A2
CYP2B6
CYP2C19
CYP2D6
CYP3A4",metabolite,O=C1NC(=O)C(c2ccccc2)N1,0,0,,1.0,LT00795__R3M1,CC=O,0.8666666666666667
LT00800,Benzonatate,LT00800__CFR0036,metabolite,1,CCCCNc1ccc(C(=O)OCCOCCOCCOCCOCCOCCOCCOCCOCCOC)cc1,O-Dealkylation of dialkylether,"CYP1A2
CYP2C9
CYP2C19
CYP2D6
CYP3A4",metabolite,CCCCNc1ccc(C(=O)OCCOCCOCCOCCOCCOCCOCCOCCOCCO)cc1,0,0,,1.0,LT00800__R3M0,CCCCNc1ccc(C(=O)OCC=O)cc1,0.9761904761904762
LT00829,Guanethidine monosulfate,LT00829__CFR0037,metabolite,1,N=C(N)NCCN1CCCCCCC1,N-Dealkylation of alicyclic tertiary amine,"CYP1A2
CYP2A6
CYP2B6
CYP2C8
CYP2C9
CYP2C19
CYP2D6
CYP3A4",metabolite,C1CCCNCCC1,0,0,,1.0,LT00829__R3M0,N=C(N)NCC=O,0.5714285714285714
LT00920,Sufentanil citrate,LT00920__CFR0038,metabolite,1,CCC(=O)N(c1ccccc1)C1(COC)CCN(CCc2cccs2)CC1,N-Dealkylation of alicyclic tertiary amine,"CYP1A2
CYP2A6
CYP2B6
CYP2C8
CYP2C9
CYP2C19
CYP2D6
CYP3A4",metabolite,CCC(=O)N(c1ccccc1)C1(COC)CCNCC1,0,0,,1.0,LT00920__R3M0,O=CCc1cccs1,0.7407407407407407
LT00990,Ropinirole hydrochloride,LT00990__CFR0039,metabolite,1,CCCN(CCC)CCc1cccc2c1CC(=O)N2,N-Dealkylation of acyclic tertiary amine,"CYP1A2
CYP2A6
CYP2B6
CYP2C8
CYP2C9
CYP2C19
CYP2D6
CYP2E1
CYP3A4",metabolite,CCCNCCc1cccc2c1CC(=O)N2,0,0,,1.0,LT00990__R3M0,CCC=O,0.8421052631578947
LT00991,Pramipexole dihydrochloride,LT00991__CFR0040,metabolite,1,C=CCN[C@H]1CCc2nc(N)sc2C1,N-Dealkylation of acyclic secondary amine,"CYP1A2
CYP2B6
CYP2C8
CYP2C9
CYP2C19
CYP2D6
CYP3A4",metabolite,Nc1nc2c(s1)C[C@@H](N)CC2,0,0,,1.0,LT00991__R3M2,C=CC=O,0.7857142857142857
LT01037,Tirofiban hydrochloride,LT01037__CFR0041,metabolite,1,CCCCS(=O)(=O)N[C@@H](Cc1ccc(OCCCCC2CCNCC2)cc1)C(=O)O,O-Dealkylation,"CYP1A2
CYP2A6
CYP2C9
CYP2C19
CYP2D6
CYP2E1
CYP3A4",metabolite,CCCCS(=O)(=O)N[C@@H](Cc1ccc(O)cc1)C(=O)O,0,0,,1.0,LT01037__R3M1,O=CCCCC1CCNCC1,0.6666666666666666
LT01060,Alpidem,LT01060__CFR0042,metabolite,1,CCCN(CCC)C(=O)Cc1c(-c2ccc(Cl)cc2)nc2ccc(Cl)cn12,N-Dealkylation of tertiary carboxamide,"CYP1A2
CYP2A6
CYP2B6
CYP2C8
CYP2C9
CYP2C19
CYP2D6
CYP3A4",metabolite,CCCNC(=O)Cc1c(-c2ccc(Cl)cc2)nc2ccc(Cl)cn12,0,0,,1.0,LT01060__R3M1,CCC=O,0.8888888888888888
LT01067,Amifostine,LT01067__CFR0043,metabolite,1,NCCCNCCSP(=O)(O)O,N-Dealkylation of acyclic secondary amine,"CYP1A2
CYP2B6
CYP2C8
CYP2C9
CYP2C19
CYP2D6
CYP3A4",metabolite,NCCSP(=O)(O)O,0,0,,1.0,LT01067__R3M0,NCCC=O,0.6666666666666666
LT01070,Alosetron hydrochloride,LT01070__CFR0044,metabolite,1,Cc1[nH]cnc1CN1CCc2c(c3ccccc3n2C)C1=O,N-Dealkylation of tertiary carboxamide,"CYP1A2
CYP2A6
CYP2B6
CYP2C8
CYP2C9
CYP2C19
CYP2D6
CYP3A4",metabolite,Cn1c2c(c3ccccc31)C(=O)NCC2,0,0,,1.0,LT01070__R3M0,Cc1[nH]cnc1C=O,0.6818181818181818
LT01107,Alfuzosin hydrochloride,LT01107__CFR0045,metabolite,1,COc1cc2nc(N(C)CCCNC(=O)C3CCCO3)nc(N)c2cc1OC,N-Dealkylation of mixed tertiary amine,"CYP1A2
CYP2A6
CYP2B6
CYP2C8
CYP2C9
CYP2C19
CYP2D6
CYP3A4",metabolite,COc1cc2nc(NCCCNC(=O)C3CCCO3)nc(N)c2cc1OC,0,0,,1.0,LT01107__R3M0,O=CCCNC(=O)C1CCCO1,0.9642857142857143
LT01116,Benazepril hydrochloride,LT01116__CFR0046,metabolite,1,CCOC(=O)[C@H](CCc1ccccc1)N[C@H]1CCc2ccccc2N(CC(=O)O)C1=O,N-Dealkylation of tertiary carboxamide,"CYP1A2
CYP2A6
CYP2B6
CYP2C8
CYP2C9
CYP2C19
CYP2D6
CYP3A4",metabolite,CCOC(=O)[C@H](CCc1ccccc1)N[C@H]1CCc2ccccc2NC1=O,0,0,,1.0,LT01116__R3M1,O=CC(=O)O,0.8709677419354839
LT01117,Bendazac,LT01117__CFR0047,metabolite,1,O=C(O)COc1nn(Cc2ccccc2)c2ccccc12,O-Dealkylation,"CYP1A2
CYP2A6
CYP2C9
CYP2C19
CYP2D6
CYP2E1
CYP3A4",metabolite,Oc1nn(Cc2ccccc2)c2ccccc12,0,0,,1.0,LT01117__R3M1,O=CC(=O)O,0.8095238095238095
LT01145,Bumetanide,LT01145__CFR0048,metabolite,1,CCCCNc1cc(C(=O)O)cc(S(N)(=O)=O)c1Oc1ccccc1,N-Dealkylation of secondary arylalkylamine,"CYP1A2
CYP2C19
CYP2D6
CYP2E1
CYP3A4",metabolite,Nc1cc(C(=O)O)cc(S(N)(=O)=O)c1Oc1ccccc1,0,0,,1.0,LT01145__R3M1,CCCC=O,0.84
LT01151,Butorphanol tartrate,LT01151__CFR0049,metabolite,1,Oc1ccc2c(c1)[C@@]13CCCC[C@@]1(O)[C@@H](C2)N(CC1CCC1)CC3,N-Dealkylation of alicyclic tertiary amine,"CYP1A2
CYP2A6
CYP2B6
CYP2C8
CYP2C9
CYP2C19
CYP2D6
CYP3A4",metabolite,Oc1ccc2c(c1)[C@@]13CCCC[C@@]1(O)[C@@H](C2)NCC3,0,0,,1.0,LT01151__R3M0,O=CC1CCC1,0.7916666666666666
LT01152,Cabergoline,LT01152__CFR0050,metabolite,1,C=CCN1C[C@H](C(=O)N(CCCN(C)C)C(=O)NCC)C[C@@H]2c3cccc4[nH]cc(c34)C[C@H]21,N-Dealkylation of alicyclic tertiary amine,"CYP1A2
CYP2A6
CYP2B6
CYP2C8
CYP2C9
CYP2C19
CYP2D6
CYP3A4",metabolite,CCNC(=O)N(CCCN(C)C)C(=O)[C@H]1CN[C@@H]2Cc3c[nH]c4cccc(c34)[C@H]2C1,0,0,,1.0,LT01152__R3M0,C=CC=O,0.9090909090909091
LT01188,Darifenacin hydrobromide,LT01188__CFR0051,metabolite,1,NC(=O)C(c1ccccc1)(c1ccccc1)[C@@H]1CCN(CCc2ccc3c(c2)CCO3)C1,N-Dealkylation of alicyclic tertiary amine,"CYP1A2
CYP2A6
CYP2B6
CYP2C8
CYP2C9
CYP2C19
CYP2D6
CYP3A4",metabolite,NC(=O)C(c1ccccc1)(c1ccccc1)[C@@H]1CCNC1,0,0,,1.0,LT01188__R3M1,O=CCc1ccc2c(c1)CCO2,0.65625
LT01195,Aprepitant,LT01195__CFR0052,metabolite,1,C[C@@H](O[C@H]1OCCN(Cc2n[nH]c(=O)[nH]2)[C@H]1c1ccc(F)cc1)c1cc(C(F)(F)F)cc(C(F)(F)F)c1,N-Dealkylation of alicyclic tertiary amine,"CYP1A2
CYP2A6
CYP2B6
CYP2C8
CYP2C9
CYP2C19
CYP2D6
CYP3A4",metabolite,C[C@@H](O[C@H]1OCCN[C@H]1c1ccc(F)cc1)c1cc(C(F)(F)F)cc(C(F)(F)F)c1,0,0,,1.0,LT01195__R3M1,O=Cc1n[nH]c(=O)[nH]1,0.8108108108108109
LT01199,Atazanavir sulfate,LT01199__CFR0053,metabolite,1,COC(=O)N[C@H](C(=O)N[C@@H](Cc1ccccc1)[C@@H](O)CN(Cc1ccc(-c2ccccn2)cc1)NC(=O)[C@@H](NC(=O)OC)C(C)(C)C)C(C)(C)C,N-Dealkylation of hydrazide,"CYP1A2
CYP2C8
CYP2C19
CYP2D6",metabolite,COC(=O)N[C@H](C(=O)NNC[C@H](O)[C@H](Cc1ccccc1)NC(=O)[C@@H](NC(=O)OC)C(C)(C)C)C(C)(C)C,0,0,,1.0,LT01199__R3M0,O=Cc1ccc(-c2ccccn2)cc1,0.7450980392156863
LT01204,Rasagiline mesylate,LT01204__CFR0054,metabolite,1,C#CCN[C@@H]1CCc2ccccc21,N-Dealkylation of acyclic secondary amine,"CYP1A2
CYP2B6
CYP2C8
CYP2C9
CYP2C19
CYP2D6
CYP3A4",metabolite,N[C@@H]1CCc2ccccc21,0,0,,1.0,LT01204__R3M0,C#CC=O,0.7692307692307693
LT01207,Chloroquine phosphate,LT01207__CFR0055,metabolite,1,CCN(CC)CCCC(C)Nc1ccnc2cc(Cl)ccc12,N-Dealkylation of acyclic tertiary amine,"CYP1A2
CYP2A6
CYP2B6
CYP2C8
CYP2C9
CYP2C19
CYP2D6
CYP2E1
CYP3A4",metabolite,CCNCCCC(C)Nc1ccnc2cc(Cl)ccc12,0,0,,1.0,LT01207__R3M0,CC=O,0.9090909090909091
LT01214,Erlotinib hydrochloride,LT01214__CFR0056,metabolite,1,C#Cc1cccc(Nc2ncnc3cc(OCCOC)c(OCCOC)cc23)c1,O-Dealkylation,"CYP1A2
CYP2A6
CYP2C9
CYP2C19
CYP2D6
CYP2E1
CYP3A4",metabolite,C#Cc1cccc(Nc2ncnc3cc(OCCOC)c(O)cc23)c1,0,0,,1.0,LT01214__R3M1,COCC=O,0.8620689655172413
LT01244,Aliskiren hemifumarate,LT01244__CFR0057,metabolite,1,COCCCOc1cc(C[C@@H](C[C@H](N)[C@@H](O)C[C@H](C(=O)NCC(C)(C)C(N)=O)C(C)C)C(C)C)ccc1OC,O-Dealkylation,"CYP1A2
CYP2A6
CYP2C9
CYP2C19
CYP2D6
CYP2E1
CYP3A4",metabolite,COCCCOc1cc(C[C@@H](C[C@H](N)[C@@H](O)C[C@H](C(=O)NCC(C)(C)C(N)=O)C(C)C)C(C)C)ccc1O,0,0,,1.0,LT01244__R3M1,COCCC=O,0.9743589743589743
LT01257,Fosaprepitant dimeglumine,LT01257__CFR0058,metabolite,1,C[C@@H](O[C@H]1OCCN(Cc2nn(P(=O)(O)O)c(=O)[nH]2)[C@H]1c1ccc(F)cc1)c1cc(C(F)(F)F)cc(C(F)(F)F)c1,N-Dealkylation of alicyclic tertiary amine,"CYP1A2
CYP2A6
CYP2B6
CYP2C8
CYP2C9
CYP2C19
CYP2D6
CYP3A4",metabolite,C[C@@H](O[C@H]1OCCN[C@H]1c1ccc(F)cc1)c1cc(C(F)(F)F)cc(C(F)(F)F)c1,0,0,,1.0,LT01257__R3M1,O=Cc1nn(P(=O)(O)O)c(=O)[nH]1,0.7317073170731707
LT01263,Milnacipran hydrochloride,LT01263__CFR0059,metabolite,1,CCN(CC)C(=O)C1(c2ccccc2)CC1CN,N-Dealkylation of tertiary carboxamide,"CYP1A2
CYP2A6
CYP2B6
CYP2C8
CYP2C9
CYP2C19
CYP2D6
CYP3A4",metabolite,CCNC(=O)C1(c2ccccc2)CC1CN,0,0,,1.0,LT01263__R3M1,CC=O,0.8888888888888888
LT01265,Desipramine hydrochloride,LT01265__CFR0060,metabolite,1,CNCCCN1c2ccccc2CCc2ccccc21,N-Dealkylation of mixed tertiary amine,"CYP1A2
CYP2A6
CYP2B6
CYP2C8
CYP2C9
CYP2C19
CYP2D6
CYP3A4",metabolite,c1ccc2c(c1)CCc1ccccc1N2,0,0,,1.0,LT01265__R3M0,CNCCC=O,0.75
LT01266,Dexlansoprazole,LT01266__CFR0061,metabolite,1,Cc1c(OCC(F)(F)F)ccnc1C[S@@+]([O-])c1nc2ccccc2[nH]1,O-Dealkylation,"CYP1A2
CYP2A6
CYP2C9
CYP2C19
CYP2D6
CYP2E1
CYP3A4",metabolite,Cc1c(O)ccnc1C[S+]([O-])c1nc2ccccc2[nH]1,0,0,,1.0,LT01266__R3M0,O=CC(F)(F)F,0.8
LT01342,Estramustine phosphate sodium,LT01342__CFR0062,metabolite,1,C[C@]12CC[C@@H]3c4ccc(OC(=O)N(CCCl)CCCl)cc4CC[C@H]3[C@@H]1CC[C@@H]2O,N-Dechloroethylation,"CYP2B6
CYP3A4",metabolite,C[C@]12CC[C@@H]3c4ccc(OC(=O)NCCCl)cc4CC[C@H]3[C@@H]1CC[C@@H]2O,0,0,,0.0,LT01342__R3M0,O=CCCl,0.896551724137931
LT01517,Melphalan,LT01517__CFR0063,metabolite,1,N[C@@H](Cc1ccc(N(CCCl)CCCl)cc1)C(=O)O,N-Dealkylation of mixed tertiary amine,"CYP1A2
CYP2A6
CYP2B6
CYP2C8
CYP2C9
CYP2C19
CYP2D6
CYP3A4",metabolite,N[C@@H](Cc1ccc(NCCCl)cc1)C(=O)O,0,0,,1.0,LT01517__R3M1,O=CCCl,0.8421052631578947
LT01527,Mesoridazine besylate,LT01527__CFR0064,metabolite,1,CN1CCCCC1CCN1c2ccccc2Sc2ccc([S+](C)[O-])cc21,N-Dealkylation of mixed tertiary amine,"CYP1A2
CYP2A6
CYP2B6
CYP2C8
CYP2C9
CYP2C19
CYP2D6
CYP3A4",metabolite,C[S+]([O-])c1ccc2c(c1)Nc1ccccc1S2,0,0,,1.0,LT01527__R3M0,CN1CCCCC1CC=O,0.6538461538461539
LT01553,Mexiletine hydrochloride,LT01553__CFR0065,metabolite,1,Cc1cccc(C)c1OCC(C)N,O-Dealkylation,"CYP1A2
CYP2A6
CYP2C9
CYP2C19
CYP2D6
CYP2E1
CYP3A4",metabolite,Cc1cccc(C)c1O,0,0,,1.0,LT01553__R3M1,CC(N)C=O,0.6923076923076923
LT01565,Mitoxantrone hydrochloride,LT01565__CFR0066,metabolite,1,O=C1c2c(O)ccc(O)c2C(=O)c2c(NCCNCCO)ccc(NCCNCCO)c21,N-Dealkylation of secondary arylalkylamine,"CYP1A2
CYP2C19
CYP2D6
CYP2E1
CYP3A4",metabolite,Nc1ccc(NCCNCCO)c2c1C(=O)c1c(O)ccc(O)c1C2=O,0,0,,1.0,LT01565__R3M1,O=CCNCCO,0.8125
LT01574,Moxisylyte,LT01574__CFR0067,metabolite,1,CC(=O)Oc1cc(C(C)C)c(OCCN(C)C)cc1C,O-Dealkylation,"CYP1A2
CYP2A6
CYP2C9
CYP2C19
CYP2D6
CYP2E1
CYP3A4",metabolite,CC(=O)Oc1cc(C(C)C)c(O)cc1C,0,0,,1.0,LT01574__R3M0,CN(C)CC=O,0.75
LT01586,Nalbuphine hydrochloride,LT01586__CFR0068,metabolite,1,Oc1ccc2c3c1O[C@H]1[C@@H](O)CC[C@@]4(O)[C@@H](C2)N(CC2CCC2)CC[C@]314,N-Dealkylation of alicyclic tertiary amine,"CYP1A2
CYP2A6
CYP2B6
CYP2C8
CYP2C9
CYP2C19
CYP2D6
CYP3A4",metabolite,Oc1ccc2c3c1O[C@H]1[C@@H](O)CC[C@@]4(O)[C@@H](C2)NCC[C@]314,0,0,,1.0,LT01586__R3M0,O=CC1CCC1,0.8076923076923077
LT01588,Nalmefene hydrochloride,LT01588__CFR0069,metabolite,1,C=C1CC[C@@]2(O)[C@H]3Cc4ccc(O)c5c4[C@@]2(CCN3CC2CC2)[C@H]1O5,N-Dealkylation of alicyclic tertiary amine,"CYP1A2
CYP2A6
CYP2B6
CYP2C8
CYP2C9
CYP2C19
CYP2D6
CYP3A4",metabolite,C=C1CC[C@@]2(O)[C@H]3Cc4ccc(O)c5c4[C@@]2(CCN3)[C@H]1O5,0,0,,1.0,LT01588__R3M0,O=CC1CC1,0.84
LT01650,Pentazocine lactate,LT01650__CFR0070,metabolite,1,CC(C)=CCN1CCC2(C)c3cc(O)ccc3CC1C2C,N-Dealkylation of alicyclic tertiary amine,"CYP1A2
CYP2A6
CYP2B6
CYP2C8
CYP2C9
CYP2C19
CYP2D6
CYP3A4",metabolite,CC1C2Cc3ccc(O)cc3C1(C)CCN2,0,0,,1.0,LT01650__R3M0,CC(C)=CC=O,0.7619047619047619
LT01652,Pentoxifylline,LT01652__CFR0071,metabolite,1,CC(=O)CCCCn1c(=O)c2c(ncn2C)n(C)c1=O,N-Dealkylation of urea,"CYP1A2
CYP2D6",metabolite,CC(=O)CCCCn1c(=O)[nH]c2ncn(C)c2c1=O,0,0,,1.0,LT01652__R3M0,CC(=O)CCCC=O,0.95
LT01652,Pentoxifylline,LT01652__CFR0072,metabolite,2,CC(=O)CC(O)CCn1c(=O)c2c(ncn2C)n(C)c1=O,N-Dealkylation of urea,"CYP1A2
CYP2D6",metabolite,CC(=O)CC(O)CCn1c(=O)[nH]c2ncn(C)c2c1=O,0,0,,1.0,LT01652__R3M2,CC(=O)CC(O)CC=O,0.9523809523809523
LT01655,Perphenazine,LT01655__CFR0073,metabolite,1,OCCN1CCN(CCCN2c3ccccc3Sc3ccc(Cl)cc32)CC1,N-Dealkylation of alicyclic tertiary amine,"CYP1A2
CYP2A6
CYP2B6
CYP2C8
CYP2C9
CYP2C19
CYP2D6
CYP3A4",metabolite,Clc1ccc2c(c1)N(CCCN1CCNCC1)c1ccccc1S2,0,0,,1.0,LT01655__R3M1,O=CCO,0.8888888888888888
LT01675,Piperacillin sodium,LT01675__CFR0074,metabolite,1,CCN1CCN(C(=O)N[C@@H](C(=O)N[C@@H]2C(=O)N3[C@@H]2SC(C)(C)[C@@H]3C(=O)O)c2ccccc2)C(=O)C1=O,N-Dealkylation of tertiary carboxamide,"CYP1A2
CYP2A6
CYP2B6
CYP2C8
CYP2C9
CYP2C19
CYP2D6
CYP3A4",metabolite,CC1(C)S[C@@H]2[C@H](NC(=O)[C@H](NC(=O)N3CCNC(=O)C3=O)c3ccccc3)C(=O)N2[C@H]1C(=O)O,0,0,,1.0,LT01675__R3M1,CC=O,0.9444444444444444
LT01749,Selegiline hydrochloride,LT01749__CFR0075,metabolite,1,C#CCN(C)[C@H](C)Cc1ccccc1,N-Dealkylation of acyclic tertiary amine,"CYP1A2
CYP2A6
CYP2B6
CYP2C8
CYP2C9
CYP2C19
CYP2D6
CYP2E1
CYP3A4",metabolite,C#CCN[C@H](C)Cc1ccccc1,0,0,,1.0,LT01749__R3M1,C#CC=O,0.9285714285714286
LT01793,Amisulpride,LT01793__CFR0076,metabolite,1,CCN1CCCC1CNC(=O)c1cc(S(=O)(=O)CC)c(N)cc1OC,N-Dealkylation of alicyclic tertiary amine,"CYP1A2
CYP2A6
CYP2B6
CYP2C8
CYP2C9
CYP2C19
CYP2D6
CYP3A4",metabolite,CCS(=O)(=O)c1cc(C(=O)NCC2CCCN2)c(OC)cc1N,0,0,,1.0,LT01793__R3M1,CC=O,0.92
LT01844,Trimipramine maleate,LT01844__CFR0077,metabolite,1,CC(CN(C)C)CN1c2ccccc2CCc2ccccc21,N-Dealkylation of mixed tertiary amine,"CYP1A2
CYP2A6
CYP2B6
CYP2C8
CYP2C9
CYP2C19
CYP2D6
CYP3A4",metabolite,c1ccc2c(c1)CCc1ccccc1N2,0,0,,1.0,LT01844__R3M0,CC(C=O)CN(C)C,0.6818181818181818
LT02026,Hydroxychloroquine sulfate,LT02026__CFR0078,metabolite,1,CCN(CCO)CCCC(C)Nc1ccnc2cc(Cl)ccc12,N-Dealkylation of acyclic tertiary amine,"CYP1A2
CYP2A6
CYP2B6
CYP2C8
CYP2C9
CYP2C19
CYP2D6
CYP2E1
CYP3A4",metabolite,CC(CCCNCCO)Nc1ccnc2cc(Cl)ccc12,0,0,,1.0,LT02026__R3M1,CC=O,0.9130434782608695
LT02033,Ximelagatran,LT02033__CFR0079,metabolite,1,CCOC(=O)CN[C@@H](C(=O)N1CC[C@H]1C(=O)NCc1ccc(/C(N)=N\O)cc1)C1CCCCC1,N-Dealkylation of acyclic secondary amine,"CYP1A2
CYP2B6
CYP2C8
CYP2C9
CYP2C19
CYP2D6
CYP3A4",metabolite,N/C(=N/O)c1ccc(CNC(=O)[C@@H]2CCN2C(=O)[C@H](N)C2CCCCC2)cc1,0,0,,1.0,LT02033__R3M1,CCOC(=O)C=O,0.8235294117647058
LT02082,Phenoxybenzamine hydrochloride,LT02082__CFR0080,metabolite,1,CC(COc1ccccc1)N(CCCl)Cc1ccccc1,N-Dealkylation of acyclic tertiary amine,"CYP1A2
CYP2A6
CYP2B6
CYP2C8
CYP2C9
CYP2C19
CYP2D6
CYP2E1
CYP3A4",metabolite,CC(COc1ccccc1)NCc1ccccc1,0,0,,1.0,LT02082__R3M0,O=Cc1ccccc1,0.8571428571428571
LT02204,Lapatinib ditosylate,LT02204__CFR0081,metabolite,1,CS(=O)(=O)CCNCc1ccc(-c2ccc3ncnc(Nc4ccc(OCc5cccc(F)c5)c(Cl)c4)c3c2)o1,O-Dealkylation,"CYP1A2
CYP2A6
CYP2C9
CYP2C19
CYP2D6
CYP2E1
CYP3A4",metabolite,CS(=O)(=O)CCNCc1ccc(-c2ccc3ncnc(Nc4ccc(O)c(Cl)c4)c3c2)o1,0,0,,1.0,LT02204__R3M0,O=Cc1cccc(F)c1,0.8
LT02427,Haloperidol decanoate,LT02427__CFR0082,metabolite,1,CCCCCCCCCC(=O)OC1(c2ccc(Cl)cc2)CCN(CCCC(=O)c2ccc(F)cc2)CC1,N-Dealkylation of alicyclic tertiary amine,"CYP1A2
CYP2A6
CYP2B6
CYP2C8
CYP2C9
CYP2C19
CYP2D6
CYP3A4",metabolite,CCCCCCCCCC(=O)OC1(c2ccc(Cl)cc2)CCNCC1,0,0,,1.0,LT02427__R3M1,O=CCCC(=O)c1ccc(F)cc1,0.6756756756756757
LT02436,Crizotinib,LT02436__CFR0083,metabolite,1,C[C@@H](Oc1cc(-c2cnn(C3CCNCC3)c2)cnc1N)c1c(Cl)ccc(F)c1Cl,O-Dealkylation,"CYP1A2
CYP2A6
CYP2C9
CYP2C19
CYP2D6
CYP2E1
CYP3A4",metabolite,Nc1ncc(-c2cnn(C3CCNCC3)c2)cc1O,0,0,,1.0,LT02436__R3M1,CC(=O)c1c(Cl)ccc(F)c1Cl,0.6333333333333333
LT00832,Benzphetamine hydrochloride,LT00832__CFR0084,metabolite,1,C[C@@H](Cc1ccccc1)N(C)Cc1ccccc1,N-Dealkylation of acyclic tertiary amine,"CYP1A2
CYP2A6
CYP2B6
CYP2C8
CYP2C9
CYP2C19
CYP2D6
CYP2E1
CYP3A4",metabolite,C[C@@H](Cc1ccccc1)NCc1ccccc1,0,0,,1.0,LT00832__R3M1,O=Cc1ccccc1,0.9444444444444444
LT01044,Gadoversetamide,LT01044__CFR0085,metabolite,1,COCCNC(=O)CN(CCN(CCN(CC(=O)O)CC(=O)NCCOC)CC(=O)O)CC(=O)O,N-Dealkylation of acyclic tertiary amine,"CYP1A2
CYP2A6
CYP2B6
CYP2C8
CYP2C9
CYP2C19
CYP2D6
CYP2E1
CYP3A4",metabolite,COCCNC(=O)CNCCN(CCN(CC(=O)O)CC(=O)NCCOC)CC(=O)O,0,0,,1.0,LT01044__R3M0,COCCNC(=O)C=O,0.8857142857142857
LT01127,Gadobenate dimeglumine,LT01127__CFR0086,metabolite,1,O=C(O)CN(CCN(CC(=O)O)CC(=O)O)CCN(CC(=O)O)C(COCc1ccccc1)C(=O)O,O-Dealkylation of dialkylether,"CYP1A2
CYP2C9
CYP2C19
CYP2D6
CYP3A4",metabolite,O=CC(C(=O)O)N(CCN(CCN(CC(=O)O)CC(=O)O)CC(=O)O)CC(=O)O,0,1,aldehyde,4.0,LT01127__R3M0,O=Cc1ccccc1,0.8055555555555556
LT01306,Interferon alfa-2b,LT01306__CFR0087,metabolite,1,CCCN(CCOc1c(Cl)cc(Cl)cc1Cl)C(=O)n1ccnc1,N-Dealkylation of urea,"CYP1A2
CYP2D6",metabolite,O=C(NCCOc1c(Cl)cc(Cl)cc1Cl)n1ccnc1,0,0,,1.0,LT01306__R3M1,CCC=O,0.8695652173913043
LT01861,Viloxazine hydrochloride,LT01861__CFR0088,metabolite,1,CCOc1ccccc1OCC1CNCCO1,O-Dealkylation,"CYP1A2
CYP2A6
CYP2C9
CYP2C19
CYP2D6
CYP2E1
CYP3A4",metabolite,Oc1ccccc1OCC1CNCCO1,0,0,,1.0,LT01861__R3M1,CC=O,0.8823529411764706
LT02110,Mepazine,LT02110__CFR0089,metabolite,1,CN1CCCC(CN2c3ccccc3Sc3ccccc32)C1,N-Dealkylation of mixed tertiary amine,"CYP1A2
CYP2A6
CYP2B6
CYP2C8
CYP2C9
CYP2C19
CYP2D6
CYP3A4",metabolite,c1ccc2c(c1)Nc1ccccc1S2,0,0,,1.0,LT02110__R3M0,CN1CCCC(C=O)C1,0.6363636363636364
LT02440,Avanafil,LT02440__CFR0090,metabolite,1,COc1ccc(CNc2nc(N3CCC[C@H]3CO)ncc2C(=O)NCc2ncccn2)cc1Cl,N-Dealkylation of secondary arylalkylamine,"CYP1A2
CYP2C19
CYP2D6
CYP2E1
CYP3A4",metabolite,Nc1nc(N2CCC[C@H]2CO)ncc1C(=O)NCc1ncccn1,0,0,,1.0,LT02440__R3M0,COc1ccc(C=O)cc1Cl,0.7058823529411765
LT02516,Cangrelor,LT02516__CFR0091,metabolite,1,CSCCNc1nc(SCCC(F)(F)F)nc2c1ncn2[C@@H]1O[C@H](COP(=O)(O)OP(=O)(O)C(Cl)(Cl)P(=O)(O)O)[C@@H](O)[C@H]1O,N-Dealkylation of secondary arylalkylamine,"CYP1A2
CYP2C19
CYP2D6
CYP2E1
CYP3A4",metabolite,Nc1nc(SCCC(F)(F)F)nc2c1ncn2[C@@H]1O[C@H](COP(=O)(O)OP(=O)(O)C(Cl)(Cl)P(=O)(O)O)[C@@H](O)[C@H]1O,0,0,,1.0,LT02516__R3M0,CSCC=O,0.9090909090909091
LT02876,Gadoterate meglumine,LT02876__CFR0092,metabolite,1,O=C(O)CN1CCN(CC(=O)O)CCN(CC(=O)O)CCN(CC(=O)O)CC1,N-Dealkylation of alicyclic tertiary amine,"CYP1A2
CYP2A6
CYP2B6
CYP2C8
CYP2C9
CYP2C19
CYP2D6
CYP3A4",metabolite,O=C(O)CN1CCNCCN(CC(=O)O)CCN(CC(=O)O)CC1,0,0,,1.0,LT02876__R3M0,O=CC(=O)O,0.8571428571428571
LT03197,Prucalopride succinate,LT03197__CFR0093,metabolite,1,COCCCN1CCC(NC(=O)c2cc(Cl)c(N)c3c2OCC3)CC1,N-Dealkylation of alicyclic tertiary amine,"CYP1A2
CYP2A6
CYP2B6
CYP2C8
CYP2C9
CYP2C19
CYP2D6
CYP3A4",metabolite,Nc1c(Cl)cc(C(=O)NC2CCNCC2)c2c1CCO2,0,0,,1.0,LT03197__R3M0,COCCC=O,0.8
LT03717,Naloxegol oxalate,LT03717__CFR0094,metabolite,1,C=CCN1CC[C@]23c4c5ccc(O)c4O[C@H]2[C@@H](OCCOCCOCCOCCOCCOCCOCCOC)CC[C@@]3(O)[C@H]1C5,N-Dealkylation of alicyclic tertiary amine,"CYP1A2
CYP2A6
CYP2B6
CYP2C8
CYP2C9
CYP2C19
CYP2D6
CYP3A4",metabolite,COCCOCCOCCOCCOCCOCCOCCO[C@H]1CC[C@@]2(O)[C@H]3Cc4ccc(O)c5c4[C@@]2(CCN3)[C@H]1O5,0,0,,1.0,LT03717__R3M0,C=CC=O,0.9347826086956522
LT03735,Pexidartinib hydrochloride,LT03735__CFR0095,metabolite,1,FC(F)(F)c1ccc(CNc2ccc(Cc3c[nH]c4ncc(Cl)cc34)cn2)cn1,N-Dealkylation of secondary arylalkylamine,"CYP1A2
CYP2C19
CYP2D6
CYP2E1
CYP3A4",metabolite,Nc1ccc(Cc2c[nH]c3ncc(Cl)cc23)cn1,0,0,,1.0,LT03735__R3M0,O=Cc1ccc(C(F)(F)F)nc1,0.6206896551724138
LT03736,Pimavanserin tartrate,LT03736__CFR0096,metabolite,1,CC(C)COc1ccc(CNC(=O)N(Cc2ccc(F)cc2)C2CCN(C)CC2)cc1,O-Dealkylation,"CYP1A2
CYP2A6
CYP2C9
CYP2C19
CYP2D6
CYP2E1
CYP3A4",metabolite,CN1CCC(N(Cc2ccc(F)cc2)C(=O)NCc2ccc(O)cc2)CC1,0,0,,1.0,LT03736__R3M1,CC(C)C=O,0.8709677419354839
LT03752,Safinamide mesylate,LT03752__CFR0097,metabolite,1,C[C@H](NCc1ccc(OCc2cccc(F)c2)cc1)C(N)=O,O-Dealkylation,"CYP1A2
CYP2A6
CYP2C9
CYP2C19
CYP2D6
CYP2E1
CYP3A4",metabolite,C[C@H](NCc1ccc(O)cc1)C(N)=O,0,0,,1.0,LT03752__R3M0,O=Cc1cccc(F)c1,0.6363636363636364
LT03780,Ubrogepant,LT03780__CFR0098,metabolite,1,C[C@@H]1[C@H](c2ccccc2)C[C@H](NC(=O)c2cnc3c(c2)C[C@@]2(C3)C(=O)Nc3ncccc32)C(=O)N1CC(F)(F)F,N-Dealkylation of tertiary carboxamide,"CYP1A2
CYP2A6
CYP2B6
CYP2C8
CYP2C9
CYP2C19
CYP2D6
CYP3A4",metabolite,C[C@H]1NC(=O)[C@@H](NC(=O)c2cnc3c(c2)C[C@@]2(C3)C(=O)Nc3ncccc32)C[C@H]1c1ccccc1,0,0,,1.0,LT03780__R3M1,O=CC(F)(F)F,0.875
LT03868,Brilliant blue g,LT03868__CFR0099,metabolite,1,CCOc1ccc(Nc2ccc(C(=C3C=CC(=[N+](CC)Cc4cccc(S(=O)(=O)[O-])c4)C=C3C)c3ccc(N(CC)Cc4cccc(S(=O)(=O)O)c4)cc3C)cc2)cc1,N-Dealkylation of mixed tertiary amine,"CYP1A2
CYP2A6
CYP2B6
CYP2C8
CYP2C9
CYP2C19
CYP2D6
CYP3A4",metabolite,CCOc1ccc(Nc2ccc(C(=C3C=CC(=[N+](CC)Cc4cccc(S(=O)(=O)[O-])c4)C=C3C)c3ccc(NCc4cccc(S(=O)(=O)O)c4)cc3C)cc2)cc1,0,0,,1.0,LT03868__R3M1,O=Cc1cccc(S(=O)(=O)O)c1,0.9661016949152542
LT03910,Gallium ga-68 gozetotide,LT03910__CFR0100,metabolite,1,O=C(O)CCc1ccc(O)c(CN(CCN(CC(=O)O)Cc2cc(CCC(=O)NCCCCCC(=O)NCCCC[C@H](NC(=O)N[C@@H](CCC(=O)O)C(=O)O)C(=O)O)ccc2O)CC(=O)O)c1,N-Dealkylation of acyclic tertiary amine,"CYP1A2
CYP2A6
CYP2B6
CYP2C8
CYP2C9
CYP2C19
CYP2D6
CYP2E1
CYP3A4",metabolite,O=C(O)CCc1ccc(O)c(CNCCN(CC(=O)O)Cc2cc(CCC(=O)NCCCCCC(=O)NCCCC[C@H](NC(=O)N[C@@H](CCC(=O)O)C(=O)O)C(=O)O)ccc2O)c1,0,0,,1.0,LT03910__R3M0,O=Cc1cc(CCC(=O)O)ccc1O,0.9402985074626866
LT03911,Ioflupane i-123,LT03911__CFR0101,metabolite,1,COC(=O)[C@H]1[C@@H](c2ccc([123I])cc2)C[C@@H]2CC[C@H]1N2CCCF,N-Dealkylation of alicyclic tertiary amine,"CYP1A2
CYP2A6
CYP2B6
CYP2C8
CYP2C9
CYP2C19
CYP2D6
CYP3A4",metabolite,COC(=O)[C@H]1[C@@H](c2ccc([123I])cc2)C[C@@H]2CC[C@H]1N2,0,0,,1.0,LT03911__R3M1,O=CCCF,0.8260869565217391
