n,positives,negatives,auroc,auprc,balanced_accuracy,accuracy,precision,sensitivity,specificity,f1,mcc,brier,tp,tn,fp,fn,model,repeat,fold
76,32,44,0.7322443181818182,0.7176153896577468,0.6960227272727273,0.6973684210526315,0.6285714285714286,0.6875,0.7045454545454546,0.6567164179104478,0.38833970806049356,0.2105481414251838,22,31,13,10,ECFP,0,0
76,32,44,0.7585227272727273,0.7509766870589445,0.6931818181818181,0.6842105263157895,0.6,0.75,0.6363636363636364,0.6666666666666666,0.3820465887291705,0.21036236984556886,24,28,16,8,ECFP_StateCore,0,0
76,32,44,0.7024147727272727,0.7001448041887182,0.6164772727272727,0.6052631578947368,0.5238095238095238,0.6875,0.5454545454545454,0.5945945945945946,0.23131745879431767,0.22593698875947044,22,24,20,10,ECFP_FluxCore,0,0
76,32,44,0.7151988636363638,0.7184621481991653,0.6207386363636364,0.6052631578947368,0.5227272727272727,0.71875,0.5227272727272727,0.6052631578947368,0.24147727272727273,0.22233848503593576,23,23,21,9,ECFP_StateFluxCore,0,0
74,31,43,0.8094523630907726,0.6618636287594369,0.6901725431357839,0.7027027027027027,0.6551724137931034,0.6129032258064516,0.7674418604651163,0.6333333333333333,0.38440376156822986,0.1833521349158711,19,33,10,12,ECFP,0,1
74,31,43,0.8124531132783196,0.6675932536245293,0.7081770442610653,0.7027027027027027,0.6216216216216216,0.7419354838709677,0.6744186046511628,0.6764705882352942,0.41084327674858256,0.18095627324596758,23,29,14,8,ECFP_StateCore,0,1
74,31,43,0.792198049512378,0.6537828121745846,0.735933983495874,0.7297297297297297,0.6486486486486487,0.7741935483870968,0.6976744186046512,0.7058823529411765,0.46562238031506026,0.1895007027474649,24,30,13,7,ECFP_FluxCore,0,1
74,31,43,0.7929482370592648,0.6517702000037111,0.7314328582145536,0.7297297297297297,0.6571428571428571,0.7419354838709677,0.7209302325581395,0.696969696969697,0.4574080079548406,0.18750230708200868,23,31,12,8,ECFP_StateFluxCore,0,1
76,31,45,0.803584229390681,0.7503076199533893,0.7125448028673835,0.7368421052631579,0.72,0.5806451612903226,0.8444444444444444,0.6428571428571429,0.4446440622770187,0.1802720868453605,18,38,7,13,ECFP,0,2
76,31,45,0.7949820788530466,0.6983578231675411,0.728673835125448,0.75,0.7307692307692307,0.6129032258064516,0.8444444444444444,0.6666666666666666,0.47376382757987345,0.1799560467457266,19,38,7,12,ECFP_StateCore,0,2
76,31,45,0.8100358422939069,0.7384123174635957,0.7125448028673835,0.7368421052631579,0.72,0.5806451612903226,0.8444444444444444,0.6428571428571429,0.4446440622770187,0.17155489648588648,18,38,7,13,ECFP_FluxCore,0,2
76,31,45,0.8050179211469534,0.6945081960586004,0.7014336917562725,0.7236842105263158,0.6923076923076923,0.5806451612903226,0.8222222222222222,0.631578947368421,0.41732801112835244,0.17537732127734373,18,37,8,13,ECFP_StateFluxCore,0,2
74,31,43,0.7906976744186047,0.6971715224399443,0.6875468867216804,0.6891891891891891,0.6176470588235294,0.6774193548387096,0.6976744186046512,0.6461538461538462,0.37135175048661195,0.187258479113743,21,30,13,10,ECFP,0,3
74,31,43,0.7704426106526632,0.7047164339913276,0.7198049512378095,0.7162162162162162,0.6388888888888888,0.7419354838709677,0.6976744186046512,0.6865671641791045,0.4339498000742011,0.19911867654432625,23,30,13,8,ECFP_StateCore,0,3
74,31,43,0.7846961740435109,0.6870463641704575,0.6920480120030008,0.6891891891891891,0.6111111111111112,0.7096774193548387,0.6744186046511628,0.6567164179104478,0.3791506785631245,0.19610673383956356,22,29,14,9,ECFP_FluxCore,0,3
74,31,43,0.7509377344336083,0.6709209577824504,0.6875468867216804,0.6891891891891891,0.6176470588235294,0.6774193548387096,0.6976744186046512,0.6461538461538462,0.37135175048661195,0.20821752822444575,21,30,13,10,ECFP_StateFluxCore,0,3
76,31,45,0.8845878136200717,0.8776387334218682,0.7921146953405018,0.7894736842105263,0.7142857142857143,0.8064516129032258,0.7777777777777778,0.7575757575757576,0.5760292732380796,0.15252743567826982,25,35,10,6,ECFP,0,4
76,31,45,0.8810035842293907,0.8543635923324172,0.774910394265233,0.7631578947368421,0.6666666666666666,0.8387096774193549,0.7111111111111111,0.7428571428571429,0.5405988214891639,0.15696406761186638,26,32,13,5,ECFP_StateCore,0,4
76,31,45,0.8007168458781362,0.8006331026715666,0.7154121863799283,0.7105263157894737,0.6216216216216216,0.7419354838709677,0.6888888888888889,0.6764705882352942,0.4235982942829042,0.18529779243666372,23,31,14,8,ECFP_FluxCore,0,4
76,31,45,0.8114695340501792,0.8081756756025791,0.7376344086021505,0.7368421052631579,0.6571428571428571,0.7419354838709677,0.7333333333333333,0.696969696969697,0.4685980468182169,0.1809169334954633,23,33,12,8,ECFP_StateFluxCore,0,4
76,32,44,0.7947443181818181,0.8143288647199671,0.71875,0.7236842105263158,0.6666666666666666,0.6875,0.75,0.676923076923077,0.43580096445528327,0.19110938426515556,22,33,11,10,ECFP,1,0
76,32,44,0.7883522727272727,0.8157072378359018,0.6889204545454546,0.6842105263157895,0.6052631578947368,0.71875,0.6590909090909091,0.6571428571428571,0.3731012536223183,0.19580182848848027,23,29,15,9,ECFP_StateCore,1,0
76,32,44,0.7784090909090909,0.8020448425606764,0.6704545454545454,0.6578947368421053,0.5714285714285714,0.75,0.5909090909090909,0.6486486486486487,0.33851335433314783,0.20849668353792739,24,26,18,8,ECFP_FluxCore,1,0
76,32,44,0.768465909090909,0.8029184337971882,0.6775568181818181,0.6710526315789473,0.5897435897435898,0.71875,0.6363636363636364,0.647887323943662,0.35078055540037856,0.2043111314658011,23,28,16,9,ECFP_StateFluxCore,1,0
74,31,43,0.8649662415603901,0.8330235026258436,0.7501875468867216,0.7567567567567568,0.7096774193548387,0.7096774193548387,0.7906976744186046,0.7096774193548387,0.5003750937734434,0.1646496111108317,22,34,9,9,ECFP,1,1
74,31,43,0.8567141785446362,0.7787078151123086,0.7753188297074268,0.7702702702702703,0.6944444444444444,0.8064516129032258,0.7441860465116279,0.746268656716418,0.5435480430963543,0.16305408713210204,25,32,11,6,ECFP_StateCore,1,1
74,31,43,0.854463615903976,0.8163135832712043,0.7798199549887472,0.7702702702702703,0.6842105263157895,0.8387096774193549,0.7209302325581395,0.7536231884057971,0.5524343871251775,0.16276054650588642,26,31,12,5,ECFP_FluxCore,1,1
74,31,43,0.8507126781695424,0.7618276026468167,0.8030757689422356,0.7972972972972973,0.7222222222222222,0.8387096774193549,0.7674418604651163,0.7761194029850746,0.5983471646074309,0.16406616990834796,26,33,10,5,ECFP_StateFluxCore,1,1
76,31,45,0.8594982078853047,0.8007464083024827,0.7881720430107527,0.8026315789473685,0.7857142857142857,0.7096774193548387,0.8666666666666667,0.7457627118644068,0.5871773716220744,0.1555468190738439,22,39,6,9,ECFP,1,2
76,31,45,0.8695340501792115,0.825508341836498,0.8415770609318997,0.8421052631578947,0.7878787878787878,0.8387096774193549,0.8444444444444444,0.8125,0.6773522832842093,0.15249929164907775,26,38,7,5,ECFP_StateCore,1,2
76,31,45,0.8724014336917563,0.7984582203066806,0.814336917562724,0.8157894736842105,0.7575757575757576,0.8064516129032258,0.8222222222222222,0.78125,0.623334682518627,0.15843699471669856,25,37,8,6,ECFP_FluxCore,1,2
76,31,45,0.8738351254480287,0.8284905793927033,0.8637992831541219,0.868421052631579,0.8387096774193549,0.8387096774193549,0.8888888888888888,0.8387096774193549,0.7275985663082437,0.1506051943549109,26,40,5,5,ECFP_StateFluxCore,1,2
76,31,45,0.8050179211469534,0.6286507689102679,0.689247311827957,0.6973684210526315,0.625,0.6451612903225806,0.7333333333333333,0.6349206349206349,0.37674325988790797,0.1884280862271328,20,33,12,11,ECFP,1,3
76,31,45,0.8129032258064517,0.6435441065233716,0.8121863799283153,0.7894736842105263,0.6744186046511628,0.9354838709677419,0.6888888888888889,0.7837837837837838,0.6190701350897653,0.18325173791477442,29,31,14,2,ECFP_StateCore,1,3
76,31,45,0.7362007168458782,0.5737922720362654,0.6609318996415771,0.6578947368421053,0.5675675675675675,0.6774193548387096,0.6444444444444445,0.6176470588235294,0.31646528141934105,0.21914987146107304,21,29,16,10,ECFP_FluxCore,1,3
76,31,45,0.7534050179211469,0.5950135386018491,0.6770609318996417,0.6710526315789473,0.5789473684210527,0.7096774193548387,0.6444444444444445,0.6376811594202898,0.3480617091910828,0.21447496340666242,22,29,16,9,ECFP_StateFluxCore,1,3
74,31,43,0.700675168792198,0.6363689123660956,0.6249062265566392,0.6216216216216216,0.5405405405405406,0.6451612903225806,0.6046511627906976,0.5882352941176471,0.24650596604914954,0.21687120476651398,20,26,17,11,ECFP,1,4
74,31,43,0.6789197299324832,0.6115832312962934,0.6339084771192798,0.6216216216216216,0.5365853658536586,0.7096774193548387,0.5581395348837209,0.6111111111111112,0.2658301541441506,0.23517950772846655,22,24,19,9,ECFP_StateCore,1,4
74,31,43,0.6909227306826706,0.5866003385734837,0.6294073518379595,0.6216216216216216,0.5384615384615384,0.6774193548387096,0.5813953488372093,0.6,0.2557629866198055,0.2326772026056349,21,25,18,10,ECFP_FluxCore,1,4
74,31,43,0.6759189797449363,0.5968723280036123,0.645536384096024,0.6351351351351351,0.55,0.7096774193548387,0.5813953488372093,0.6197183098591549,0.28816895837761086,0.23945786039425088,22,25,18,9,ECFP_StateFluxCore,1,4
76,32,44,0.7975852272727273,0.7964892865509813,0.7286931818181819,0.75,0.76,0.59375,0.8636363636363636,0.6666666666666666,0.48065055439135834,0.18222464403904282,19,38,6,13,ECFP,2,0
76,32,44,0.8125,0.8191762552645906,0.7144886363636364,0.7236842105263158,0.6774193548387096,0.65625,0.7727272727272727,0.6666666666666666,0.430971456386925,0.17773558998138664,21,34,10,11,ECFP_StateCore,2,0
76,32,44,0.7507102272727273,0.7588668747091207,0.6164772727272727,0.6052631578947368,0.5238095238095238,0.6875,0.5454545454545454,0.5945945945945946,0.23131745879431767,0.19799581783723869,22,24,20,10,ECFP_FluxCore,2,0
76,32,44,0.7649147727272727,0.7834821006253753,0.6690340909090908,0.6710526315789473,0.6,0.65625,0.6818181818181818,0.6268656716417911,0.33487264680578793,0.19391353702162858,21,30,14,11,ECFP_StateFluxCore,2,0
76,31,45,0.843010752688172,0.7850746493409422,0.7870967741935484,0.7894736842105263,0.7272727272727273,0.7741935483870968,0.8,0.75,0.5693170817530447,0.17423207821871634,24,36,9,7,ECFP,2,1
76,31,45,0.8637992831541218,0.8368360005973672,0.7849462365591398,0.7631578947368421,0.6511627906976745,0.9032258064516129,0.6666666666666666,0.7567567567567568,0.565052534324183,0.1724479555245148,28,30,15,3,ECFP_StateCore,2,1
76,31,45,0.845878136200717,0.803224813940093,0.7577060931899642,0.7368421052631579,0.627906976744186,0.8709677419354839,0.6444444444444445,0.7297297297297297,0.5110349335586007,0.1770542530399224,27,29,16,4,ECFP_FluxCore,2,1
76,31,45,0.8387096774193549,0.8116625913454537,0.7465949820788531,0.7236842105263158,0.6136363636363636,0.8709677419354839,0.6222222222222222,0.72,0.4909078840963649,0.17978239821261513,27,28,17,4,ECFP_StateFluxCore,2,1
76,31,45,0.8738351254480285,0.8523948875118533,0.774910394265233,0.7631578947368421,0.6666666666666666,0.8387096774193549,0.7111111111111111,0.7428571428571429,0.5405988214891639,0.1644656887318272,26,32,13,5,ECFP,2,2
76,31,45,0.8623655913978494,0.8149094459201573,0.7799283154121863,0.7631578947368421,0.6585365853658537,0.8709677419354839,0.6888888888888889,0.75,0.5519986041704787,0.1645797866882384,27,31,14,4,ECFP_StateCore,2,2
76,31,45,0.864516129032258,0.8255322950187908,0.7637992831541218,0.75,0.65,0.8387096774193549,0.6888888888888889,0.7323943661971831,0.5192894081785566,0.17254111125356006,26,31,14,5,ECFP_FluxCore,2,2
76,31,45,0.8559139784946237,0.798645876007358,0.7637992831541218,0.75,0.65,0.8387096774193549,0.6888888888888889,0.7323943661971831,0.5192894081785566,0.17247626189946333,26,31,14,5,ECFP_StateFluxCore,2,2
74,31,43,0.6661665416354088,0.5258814181511757,0.6346586646661665,0.6486486486486487,0.5862068965517241,0.5483870967741935,0.7209302325581395,0.5666666666666667,0.2721912236745454,0.2312208270305366,17,31,12,14,ECFP,2,3
74,31,43,0.6076519129782446,0.4734031615159494,0.6481620405101276,0.6486486486486487,0.5714285714285714,0.6451612903225806,0.6511627906976745,0.6060606060606061,0.2928300861299223,0.2635408432497549,20,28,15,11,ECFP_StateCore,2,3
74,31,43,0.6466616654163542,0.5090128357677549,0.6042760690172544,0.6081081081081081,0.5294117647058824,0.5806451612903226,0.627906976744186,0.5538461538461539,0.20647157327055624,0.24978131021745206,18,27,16,13,ECFP_FluxCore,2,3
74,31,43,0.6106526631657915,0.4763153149080396,0.599774943735934,0.6081081081081081,0.53125,0.5483870967741935,0.6511627906976745,0.5396825396825397,0.19873159930454073,0.2685655826609581,17,28,15,14,ECFP_StateFluxCore,2,3
74,31,43,0.921980495123781,0.8874755695720247,0.8405851462865717,0.8513513513513513,0.8571428571428571,0.7741935483870968,0.9069767441860465,0.8135593220338984,0.6929674609295546,0.13603821003379304,24,39,4,7,ECFP,2,4
74,31,43,0.9317329332333084,0.8971517416230472,0.8657164291072768,0.8648648648648649,0.8181818181818182,0.8709677419354839,0.8604651162790697,0.84375,0.7260067235029324,0.12663325427880298,27,37,6,4,ECFP_StateCore,2,4
74,31,43,0.918979744936234,0.8824112108752452,0.8495873968492123,0.8513513513513513,0.8125,0.8387096774193549,0.8604651162790697,0.8253968253968254,0.6963077088414735,0.1284005995155993,26,37,6,5,ECFP_FluxCore,2,4
74,31,43,0.9257314328582145,0.8904081624020039,0.8657164291072768,0.8648648648648649,0.8181818181818182,0.8709677419354839,0.8604651162790697,0.84375,0.7260067235029324,0.12562895214251887,27,37,6,4,ECFP_StateFluxCore,2,4
76,32,44,0.7784090909090909,0.7906089782901633,0.6917613636363636,0.6973684210526315,0.6363636363636364,0.65625,0.7272727272727273,0.6461538461538462,0.38203331299651455,0.1929728043036371,21,32,12,11,ECFP,3,0
76,32,44,0.7748579545454545,0.7932822423983048,0.7045454545454546,0.6973684210526315,0.6153846153846154,0.75,0.6590909090909091,0.676056338028169,0.40409919982123604,0.1994758317216976,24,29,15,8,ECFP_StateCore,3,0
76,32,44,0.7620738636363635,0.7775700689886607,0.6207386363636364,0.6052631578947368,0.5227272727272727,0.71875,0.5227272727272727,0.6052631578947368,0.24147727272727273,0.2115844848106836,23,23,21,9,ECFP_FluxCore,3,0
76,32,44,0.7542613636363638,0.7827130571623669,0.6321022727272727,0.618421052631579,0.5348837209302325,0.71875,0.5454545454545454,0.6133333333333333,0.26317850450871,0.21108825579257048,23,24,20,9,ECFP_StateFluxCore,3,0
74,31,43,0.7846961740435109,0.7099148680369443,0.703675918979745,0.7027027027027027,0.6285714285714286,0.7096774193548387,0.6976744186046512,0.6666666666666666,0.4025487006798678,0.1924343113152676,22,30,13,9,ECFP,3,1
74,31,43,0.7801950487621905,0.6646326880106569,0.7055513878469617,0.6891891891891891,0.5952380952380952,0.8064516129032258,0.6046511627906976,0.684931506849315,0.40941697901837715,0.20166580400580197,25,26,17,6,ECFP_StateCore,3,1
74,31,43,0.7606901725431358,0.6531084484025532,0.6661665416354088,0.6486486486486487,0.5581395348837209,0.7741935483870968,0.5581395348837209,0.6486486486486487,0.33233308327081773,0.20493504398881288,24,24,19,7,ECFP_FluxCore,3,1
74,31,43,0.7704426106526632,0.6708972712053489,0.7055513878469617,0.6891891891891891,0.5952380952380952,0.8064516129032258,0.6046511627906976,0.684931506849315,0.40941697901837715,0.204498519681652,25,26,17,6,ECFP_StateFluxCore,3,1
76,31,45,0.8415770609318997,0.8183688959951876,0.7770609318996415,0.7894736842105263,0.7586206896551724,0.7096774193548387,0.8444444444444444,0.7333333333333333,0.5605888586694384,0.16296313162748927,22,38,7,9,ECFP,3,2
76,31,45,0.8164874551971326,0.7674817496542543,0.7709677419354839,0.7763157894736842,0.71875,0.7419354838709677,0.8,0.7301587301587301,0.5394278493849591,0.17053809122750002,23,36,9,8,ECFP_StateCore,3,2
76,31,45,0.8336917562724014,0.7961068609465829,0.7548387096774194,0.7631578947368421,0.7096774193548387,0.7096774193548387,0.8,0.7096774193548387,0.5096774193548387,0.16369563171861537,22,36,9,9,ECFP_FluxCore,3,2
76,31,45,0.8265232974910395,0.7869884984885583,0.7387096774193549,0.75,0.7,0.6774193548387096,0.8,0.6885245901639344,0.48000701257149575,0.1697559258688719,21,36,9,10,ECFP_StateFluxCore,3,2
76,31,45,0.817921146953405,0.7746456550573432,0.7275985663082437,0.7368421052631579,0.6774193548387096,0.6774193548387096,0.7777777777777778,0.6774193548387096,0.4551971326164875,0.17445590482079573,21,35,10,10,ECFP,3,3
76,31,45,0.8150537634408602,0.7718720067403633,0.7426523297491039,0.7368421052631579,0.6486486486486487,0.7741935483870968,0.7111111111111111,0.7058823529411765,0.4771648007146857,0.17003165104217677,24,32,13,7,ECFP_StateCore,3,3
76,31,45,0.8021505376344086,0.7464432561070928,0.7103942652329749,0.7105263157894737,0.6285714285714286,0.7096774193548387,0.7111111111111111,0.6666666666666666,0.41488243360828553,0.17987995208917865,22,32,13,9,ECFP_FluxCore,3,3
76,31,45,0.8043010752688171,0.7354222257039914,0.7437275985663083,0.75,0.6875,0.7096774193548387,0.7777777777777778,0.6984126984126984,0.485199652885942,0.17659826289784938,22,35,10,9,ECFP_StateFluxCore,3,3
74,31,43,0.837959489872468,0.7158447726346422,0.754688672168042,0.7567567567567568,0.696969696969697,0.7419354838709677,0.7674418604651163,0.71875,0.5055985284702472,0.1702678782906043,23,33,10,8,ECFP,3,4
74,31,43,0.8289572393098276,0.7063461831193408,0.768192048012003,0.7567567567567568,0.6666666666666666,0.8387096774193549,0.6976744186046512,0.7428571428571429,0.5300595229946694,0.17615370520776963,26,30,13,5,ECFP_StateCore,3,4
74,31,43,0.8094523630907726,0.7096022819046047,0.7475618904726181,0.7432432432432432,0.6666666666666666,0.7741935483870968,0.7209302325581395,0.7164179104477612,0.48874892158527766,0.1825237181824811,24,31,12,7,ECFP_FluxCore,3,4
74,31,43,0.805701425356339,0.71227343616281,0.7475618904726181,0.7432432432432432,0.6666666666666666,0.7741935483870968,0.7209302325581395,0.7164179104477612,0.48874892158527766,0.1848015531144581,24,31,12,7,ECFP_StateFluxCore,3,4
76,32,44,0.7890625,0.7966620644564825,0.6818181818181819,0.6710526315789473,0.5853658536585366,0.75,0.6136363636363636,0.6575342465753424,0.36019914950538534,0.19684353254821627,24,27,17,8,ECFP,4,0
76,32,44,0.7869318181818181,0.784971248883166,0.6335227272727273,0.6052631578947368,0.52,0.8125,0.45454545454545453,0.6341463414634146,0.27791682611486884,0.20749688932012508,26,20,24,6,ECFP_StateCore,4,0
76,32,44,0.7585227272727273,0.766815284015444,0.6065340909090909,0.5789473684210527,0.5,0.78125,0.4318181818181818,0.6097560975609756,0.22174214849590598,0.22142517547864657,25,19,25,7,ECFP_FluxCore,4,0
76,32,44,0.7485795454545454,0.7633754744686214,0.640625,0.618421052631579,0.5319148936170213,0.78125,0.5,0.6329113924050633,0.2858550905534209,0.218558363423563,25,22,22,7,ECFP_StateFluxCore,4,0
76,31,45,0.810752688172043,0.7546441632355807,0.6802867383512545,0.7105263157894737,0.6956521739130435,0.5161290322580645,0.8444444444444444,0.5925925925925926,0.3857261019733162,0.17384954618348814,16,38,7,15,ECFP,4,1
76,31,45,0.8114695340501792,0.7646122969518572,0.7164874551971325,0.7236842105263158,0.65625,0.6774193548387096,0.7555555555555555,0.6666666666666666,0.430971456386925,0.17517778618600754,21,34,11,10,ECFP_StateCore,4,1
76,31,45,0.8028673835125448,0.7620687237882713,0.7053763440860215,0.7105263157894737,0.6363636363636364,0.6774193548387096,0.7333333333333333,0.65625,0.40726427945629795,0.17798394661132277,21,33,12,10,ECFP_FluxCore,4,1
76,31,45,0.8050179211469534,0.7705309813406491,0.700358422939068,0.7105263157894737,0.6451612903225806,0.6451612903225806,0.7555555555555555,0.6451612903225806,0.4007168458781362,0.17447257223025042,20,34,11,11,ECFP_StateFluxCore,4,1
76,31,45,0.7763440860215054,0.7018266371451741,0.7275985663082437,0.7368421052631579,0.6774193548387096,0.6774193548387096,0.7777777777777778,0.6774193548387096,0.4551971326164875,0.19256363060767928,21,35,10,10,ECFP,4,2
76,31,45,0.7333333333333333,0.650456908997439,0.6659498207885305,0.6578947368421053,0.5641025641025641,0.7096774193548387,0.6222222222222222,0.6285714285714286,0.32633279576203766,0.21668015913806676,22,28,17,9,ECFP_StateCore,4,2
76,31,45,0.76415770609319,0.7015831460822755,0.6609318996415771,0.6578947368421053,0.5675675675675675,0.6774193548387096,0.6444444444444445,0.6176470588235294,0.31646528141934105,0.20419829569713657,21,29,16,10,ECFP_FluxCore,4,2
76,31,45,0.7232974910394265,0.6487094229936781,0.6770609318996417,0.6710526315789473,0.5789473684210527,0.7096774193548387,0.6444444444444445,0.6376811594202898,0.3480617091910828,0.21981012589656618,22,29,16,9,ECFP_StateFluxCore,4,2
74,31,43,0.8867216804201051,0.8359317868246243,0.8102025506376593,0.8108108108108109,0.7575757575757576,0.8064516129032258,0.813953488372093,0.78125,0.6158026259865897,0.15024665233574389,25,35,8,6,ECFP,4,3
74,31,43,0.91072768192048,0.8685785300953177,0.8192048012003001,0.8108108108108109,0.7297297297297297,0.8709677419354839,0.7674418604651163,0.7941176470588235,0.6299596910144932,0.15373202420606372,27,33,10,4,ECFP_StateCore,4,3
74,31,43,0.8852213053263316,0.8473515293244815,0.754688672168042,0.7567567567567568,0.696969696969697,0.7419354838709677,0.7674418604651163,0.71875,0.5055985284702472,0.16143209429383926,23,33,10,8,ECFP_FluxCore,4,3
74,31,43,0.8942235558889723,0.8493707786919424,0.805701425356339,0.8108108108108109,0.7741935483870968,0.7741935483870968,0.8372093023255814,0.7741935483870968,0.6114028507126782,0.15697646876235216,24,36,7,7,ECFP_StateFluxCore,4,3
74,31,43,0.7944486121530383,0.7694160147067332,0.7153038259564891,0.7162162162162162,0.6470588235294118,0.7096774193548387,0.7209302325581395,0.676923076923077,0.4263118095586305,0.18400221884048248,22,31,12,9,ECFP,4,4
74,31,43,0.7944486121530382,0.7097725303538229,0.6732933233308327,0.6621621621621622,0.575,0.7419354838709677,0.6046511627906976,0.647887323943662,0.3431290174496294,0.186379256998743,23,26,17,8,ECFP_StateCore,4,4
74,31,43,0.7951987996999249,0.7691949680440764,0.6481620405101276,0.6486486486486487,0.5714285714285714,0.6451612903225806,0.6511627906976745,0.6060606060606061,0.2928300861299223,0.1838355629167946,20,28,15,11,ECFP_FluxCore,4,4
74,31,43,0.7846961740435109,0.6912125461254511,0.6920480120030008,0.6891891891891891,0.6111111111111112,0.7096774193548387,0.6744186046511628,0.6567164179104478,0.3791506785631245,0.18562475266540898,22,29,14,9,ECFP_StateFluxCore,4,4
76,32,44,0.8110795454545454,0.7914437941567904,0.7102272727272727,0.7236842105263158,0.6896551724137931,0.625,0.7954545454545454,0.6557377049180327,0.42733892325157874,0.1853267970272477,20,35,9,12,ECFP,5,0
76,32,44,0.7407670454545454,0.7641807590930321,0.6803977272727273,0.6842105263157895,0.6176470588235294,0.65625,0.7045454545454546,0.6363636363636364,0.35825996666924814,0.20456044927288636,21,31,13,11,ECFP_StateCore,5,0
76,32,44,0.7315340909090909,0.7317976777058972,0.6278409090909092,0.618421052631579,0.5365853658536586,0.6875,0.5681818181818182,0.6027397260273972,0.25326502699597403,0.21186986653932519,22,25,19,10,ECFP_FluxCore,5,0
76,32,44,0.6995738636363636,0.7366128958811525,0.5880681818181819,0.5921052631578947,0.5142857142857142,0.5625,0.6136363636363636,0.5373134328358209,0.17447146304167102,0.21668298948989864,18,27,17,14,ECFP_StateFluxCore,5,0
74,31,43,0.8402100525131283,0.8129184494737239,0.7850712678169542,0.7972972972972973,0.7857142857142857,0.7096774193548387,0.8604651162790697,0.7457627118644068,0.5800168175181294,0.16786087599763624,22,37,6,9,ECFP,5,1
74,31,43,0.8094523630907726,0.7814809726307357,0.7663165791447861,0.7702702702702703,0.71875,0.7419354838709677,0.7906976744186046,0.7301587301587301,0.530449005662496,0.17609884813101617,23,34,9,8,ECFP_StateCore,5,1
74,31,43,0.7929482370592649,0.7592607818881223,0.7198049512378095,0.7162162162162162,0.6388888888888888,0.7419354838709677,0.6976744186046512,0.6865671641791045,0.4339498000742011,0.18473485170227125,23,30,13,8,ECFP_FluxCore,5,1
74,31,43,0.7906976744186047,0.7523692126948703,0.6901725431357839,0.7027027027027027,0.6551724137931034,0.6129032258064516,0.7674418604651163,0.6333333333333333,0.38440376156822986,0.18383195053557153,19,33,10,12,ECFP_StateFluxCore,5,1
76,31,45,0.7627240143369176,0.6939617663973615,0.7164874551971325,0.7236842105263158,0.65625,0.6774193548387096,0.7555555555555555,0.6666666666666666,0.430971456386925,0.19218524965827133,21,34,11,10,ECFP,5,2
76,31,45,0.7727598566308244,0.6799045910301407,0.7164874551971325,0.7236842105263158,0.65625,0.6774193548387096,0.7555555555555555,0.6666666666666666,0.430971456386925,0.18869043000999086,21,34,11,10,ECFP_StateCore,5,2
76,31,45,0.7627240143369175,0.6536815428420896,0.700358422939068,0.7105263157894737,0.6451612903225806,0.6451612903225806,0.7555555555555555,0.6451612903225806,0.4007168458781362,0.19146944223969659,20,34,11,11,ECFP_FluxCore,5,2
76,31,45,0.7677419354838709,0.6645915994679632,0.7164874551971325,0.7236842105263158,0.65625,0.6774193548387096,0.7555555555555555,0.6666666666666666,0.430971456386925,0.18736671442862143,21,34,11,10,ECFP_StateFluxCore,5,2
76,31,45,0.8229390681003584,0.7623532018670068,0.7387096774193549,0.75,0.7,0.6774193548387096,0.8,0.6885245901639344,0.48000701257149575,0.17408527866068155,21,36,9,10,ECFP,5,3
76,31,45,0.8422939068100358,0.7568151652473343,0.8082437275985663,0.8026315789473685,0.7222222222222222,0.8387096774193549,0.7777777777777778,0.7761194029850746,0.6067783845564657,0.16402310203662618,26,35,10,5,ECFP_StateCore,5,3
76,31,45,0.8329749103942653,0.7821508712015237,0.7376344086021505,0.7368421052631579,0.6571428571428571,0.7419354838709677,0.7333333333333333,0.696969696969697,0.4685980468182169,0.1667757540601562,23,33,12,8,ECFP_FluxCore,5,3
76,31,45,0.8365591397849462,0.7542576431253316,0.7598566308243728,0.7631578947368421,0.696969696969697,0.7419354838709677,0.7777777777777778,0.71875,0.5152994809874625,0.16331947583404807,23,35,10,8,ECFP_StateFluxCore,5,3
74,31,43,0.8049512378094524,0.7742839410897294,0.6597899474868717,0.6621621621621622,0.5882352941176471,0.6451612903225806,0.6744186046511628,0.6153846153846154,0.3163916914145934,0.1815147945951851,20,29,14,11,ECFP,5,4
74,31,43,0.8117029257314329,0.7612202641748732,0.6732933233308327,0.6621621621621622,0.575,0.7419354838709677,0.6046511627906976,0.647887323943662,0.3431290174496294,0.181874472859837,23,26,17,8,ECFP_StateCore,5,4
74,31,43,0.7771942985746436,0.7581500718966324,0.6706676669167291,0.6486486486486487,0.5555555555555556,0.8064516129032258,0.5348837209302325,0.6578947368421053,0.34497773474071913,0.20151478675601237,25,23,20,6,ECFP_FluxCore,5,4
74,31,43,0.7906976744186046,0.7639727370522762,0.6661665416354088,0.6486486486486487,0.5581395348837209,0.7741935483870968,0.5581395348837209,0.6486486486486487,0.33233308327081773,0.19525039125830015,24,24,19,7,ECFP_StateFluxCore,5,4
76,31,45,0.8265232974910394,0.8044202911885485,0.7387096774193549,0.75,0.7,0.6774193548387096,0.8,0.6885245901639344,0.48000701257149575,0.17486609470904946,21,36,9,10,ECFP,6,0
76,31,45,0.8186379928315412,0.8067021627707611,0.7265232974910394,0.7236842105263158,0.6388888888888888,0.7419354838709677,0.7111111111111111,0.6865671641791045,0.44591155702289104,0.17879660100318426,23,32,13,8,ECFP_StateCore,6,0
76,31,45,0.7978494623655914,0.7838620372680718,0.6709677419354838,0.6578947368421053,0.5609756097560976,0.7419354838709677,0.6,0.6388888888888888,0.3371361513307533,0.19126489094805627,23,27,18,8,ECFP_FluxCore,6,0
76,31,45,0.8028673835125448,0.8094904418155618,0.682078853046595,0.6710526315789473,0.575,0.7419354838709677,0.6222222222222222,0.647887323943662,0.35842258064498206,0.1883769795280288,23,28,17,8,ECFP_StateFluxCore,6,0
76,32,44,0.8558238636363636,0.8535106622352162,0.7869318181818181,0.8026315789473685,0.8148148148148148,0.6875,0.8863636363636364,0.7457627118644068,0.5920114566148861,0.15840594467573174,22,39,5,10,ECFP,6,1
76,32,44,0.8252840909090909,0.7710518169628183,0.7755681818181819,0.7894736842105263,0.7857142857142857,0.6875,0.8636363636363636,0.7333333333333333,0.564106052554073,0.1670792401923517,22,38,6,10,ECFP_StateCore,6,1
76,32,44,0.8018465909090909,0.756473949283961,0.7059659090909092,0.7236842105263158,0.7037037037037037,0.59375,0.8181818181818182,0.6440677966101694,0.4249587188572202,0.17495144844903424,19,36,8,13,ECFP_FluxCore,6,1
76,32,44,0.8139204545454546,0.7501426205448788,0.7286931818181819,0.75,0.76,0.59375,0.8636363636363636,0.6666666666666666,0.48065055439135834,0.17408055923808435,19,38,6,13,ECFP_StateFluxCore,6,1
74,31,43,0.7824456114028507,0.6980709083700919,0.6972993248312078,0.7162162162162162,0.6923076923076923,0.5806451612903226,0.813953488372093,0.631578947368421,0.4078151700447327,0.18544214914715298,18,35,8,13,ECFP,6,2
74,31,43,0.7749437359339836,0.6935848146795429,0.7108027006751687,0.7162162162162162,0.65625,0.6774193548387096,0.7441860465116279,0.6666666666666666,0.4198765368765109,0.19095161338300823,21,32,11,10,ECFP_StateCore,6,2
74,31,43,0.759939984996249,0.6733463733282655,0.6875468867216804,0.6891891891891891,0.6176470588235294,0.6774193548387096,0.6976744186046512,0.6461538461538462,0.37135175048661195,0.19961396687466523,21,30,13,10,ECFP_FluxCore,6,2
74,31,43,0.765191297824456,0.6858856289709587,0.7108027006751687,0.7162162162162162,0.65625,0.6774193548387096,0.7441860465116279,0.6666666666666666,0.4198765368765109,0.1987890790658339,21,32,11,10,ECFP_StateFluxCore,6,2
74,31,43,0.8649662415603901,0.8439482266556118,0.7385596399099775,0.7432432432432432,0.6875,0.7096774193548387,0.7674418604651163,0.6984126984126984,0.4751627712695034,0.16128416027775264,22,33,10,9,ECFP,6,3
74,31,43,0.8454613653413353,0.8158068024611775,0.754688672168042,0.7567567567567568,0.696969696969697,0.7419354838709677,0.7674418604651163,0.71875,0.5055985284702472,0.16481094515192707,23,33,10,8,ECFP_StateCore,6,3
74,31,43,0.8559639909977494,0.8362798074664954,0.754688672168042,0.7567567567567568,0.696969696969697,0.7419354838709677,0.7674418604651163,0.71875,0.5055985284702472,0.160304886707258,23,33,10,8,ECFP_FluxCore,6,3
74,31,43,0.8319579894973743,0.7795768273934742,0.7708177044261065,0.7702702702702703,0.7058823529411765,0.7741935483870968,0.7674418604651163,0.7384615384615385,0.5362319277026677,0.16849212030431407,24,33,10,7,ECFP_StateFluxCore,6,3
76,31,45,0.8731182795698925,0.8362325211822779,0.8304659498207885,0.8289473684210527,0.7647058823529411,0.8387096774193549,0.8222222222222222,0.8,0.6532504439230548,0.16004288755892387,26,37,8,5,ECFP,6,4
76,31,45,0.8716845878136201,0.8140172308902809,0.8132616487455198,0.8026315789473685,0.7105263157894737,0.8709677419354839,0.7555555555555555,0.782608695652174,0.6158014854919158,0.15951758872846997,27,34,11,4,ECFP_StateCore,6,4
76,31,45,0.8709677419354839,0.8392419914816556,0.7860215053763441,0.7763157894736842,0.6842105263157895,0.8387096774193549,0.7333333333333333,0.7536231884057971,0.5622535302317492,0.15892867331447397,26,33,12,5,ECFP_FluxCore,6,4
76,31,45,0.8695340501792115,0.8384760884048841,0.8021505376344086,0.7894736842105263,0.6923076923076923,0.8709677419354839,0.7333333333333333,0.7714285714285715,0.5941653279209455,0.16022747690479297,27,33,12,4,ECFP_StateFluxCore,6,4
76,32,44,0.8061079545454546,0.7881315673313705,0.6974431818181819,0.6842105263157895,0.5952380952380952,0.78125,0.6136363636363636,0.6756756756756757,0.3921113021025629,0.1939848144721591,25,27,17,7,ECFP,7,0
76,32,44,0.8110795454545454,0.8034123158068723,0.703125,0.6710526315789473,0.5686274509803921,0.90625,0.5,0.6987951807228916,0.42691322532897047,0.20214787816184782,29,22,22,3,ECFP_StateCore,7,0
76,32,44,0.7855113636363635,0.7740896779613565,0.6647727272727273,0.631578947368421,0.5384615384615384,0.875,0.45454545454545453,0.6666666666666666,0.35003329844931896,0.21850187289762016,28,20,24,4,ECFP_FluxCore,7,0
76,32,44,0.7911931818181819,0.7924827872807316,0.6491477272727273,0.618421052631579,0.5294117647058824,0.84375,0.45454545454545453,0.6506024096385542,0.31346775286392936,0.21449222313816707,27,20,24,5,ECFP_StateFluxCore,7,0
76,31,45,0.8451612903225807,0.7835132226967898,0.760931899641577,0.7763157894736842,0.75,0.6774193548387096,0.8444444444444444,0.711864406779661,0.5316730429612813,0.16343408064603787,21,38,7,10,ECFP,7,1
76,31,45,0.8408602150537634,0.7347442694429336,0.7487455197132616,0.75,0.6764705882352942,0.7419354838709677,0.7555555555555555,0.7076923076923077,0.4917091193954447,0.16640403363644243,23,34,11,8,ECFP_StateCore,7,1
76,31,45,0.8444444444444446,0.7736317633780874,0.7275985663082437,0.7368421052631579,0.6774193548387096,0.6774193548387096,0.7777777777777778,0.6774193548387096,0.4551971326164875,0.16306953225904947,21,35,10,10,ECFP_FluxCore,7,1
76,31,45,0.8480286738351255,0.7540560357344483,0.7387096774193549,0.75,0.7,0.6774193548387096,0.8,0.6885245901639344,0.48000701257149575,0.16275277636029437,21,36,9,10,ECFP_StateFluxCore,7,1
76,31,45,0.7971326164874551,0.7128804718993728,0.7487455197132616,0.75,0.6764705882352942,0.7419354838709677,0.7555555555555555,0.7076923076923077,0.4917091193954447,0.18398805195655132,23,34,11,8,ECFP,7,2
76,31,45,0.7870967741935484,0.6951091523720876,0.7365591397849462,0.7236842105263158,0.625,0.8064516129032258,0.6666666666666666,0.704225352112676,0.4656671323340318,0.19061998032101632,25,30,15,6,ECFP_StateCore,7,2
76,31,45,0.7878136200716845,0.7087827324261875,0.7365591397849462,0.7236842105263158,0.625,0.8064516129032258,0.6666666666666666,0.704225352112676,0.4656671323340318,0.1893942672087678,25,30,15,6,ECFP_FluxCore,7,2
76,31,45,0.7842293906810036,0.6927141109102756,0.7043010752688172,0.6973684210526315,0.6052631578947368,0.7419354838709677,0.6666666666666666,0.6666666666666666,0.4016096644512494,0.1931693741937309,23,30,15,8,ECFP_StateFluxCore,7,2
74,31,43,0.8334583645911479,0.8061494170590856,0.7689422355588897,0.7837837837837838,0.7777777777777778,0.6774193548387096,0.8604651162790697,0.7241379310344828,0.551281311268591,0.16954745072324323,21,37,6,10,ECFP,7,3
74,31,43,0.7959489872468116,0.7434363491023659,0.7456864216054013,0.7567567567567568,0.7241379310344828,0.6774193548387096,0.813953488372093,0.7,0.4966162994619143,0.1784284778922843,21,35,8,10,ECFP_StateCore,7,3
74,31,43,0.7824456114028507,0.7548368669245005,0.7689422355588897,0.7837837837837838,0.7777777777777778,0.6774193548387096,0.8604651162790697,0.7241379310344828,0.551281311268591,0.18282714319853263,21,37,6,10,ECFP_FluxCore,7,3
74,31,43,0.7809452363090773,0.7380013961680071,0.7179294823705926,0.7297297297297297,0.6896551724137931,0.6451612903225806,0.7906976744186046,0.6666666666666666,0.4405100305150721,0.18467447827278463,20,34,9,11,ECFP_StateFluxCore,7,3
74,31,43,0.8154538634658665,0.7504739718050254,0.7224306076519129,0.7297297297297297,0.6774193548387096,0.6774193548387096,0.7674418604651163,0.6774193548387096,0.44486121530382594,0.17726949135766146,21,33,10,10,ECFP,7,4
74,31,43,0.8087021755438859,0.7539049318351131,0.7126781695423856,0.7027027027027027,0.6153846153846154,0.7741935483870968,0.6511627906976745,0.6857142857142857,0.4203409084447239,0.18370732507713655,24,28,15,7,ECFP_StateCore,7,4
74,31,43,0.8192048012003001,0.7764019272408388,0.768192048012003,0.7567567567567568,0.6666666666666666,0.8387096774193549,0.6976744186046512,0.7428571428571429,0.5300595229946694,0.17972663025836694,26,30,13,5,ECFP_FluxCore,7,4
74,31,43,0.8019504876219055,0.7508420880381266,0.7171792948237059,0.7027027027027027,0.6097560975609756,0.8064516129032258,0.627906976744186,0.6944444444444444,0.4311363004186644,0.18562315420397504,25,27,16,6,ECFP_StateFluxCore,7,4
76,32,44,0.7784090909090908,0.7711904687180752,0.6761363636363636,0.6842105263157895,0.625,0.625,0.7272727272727273,0.625,0.3522727272727273,0.19874309689449063,20,32,12,12,ECFP,8,0
76,32,44,0.7663352272727273,0.7441169813652948,0.7159090909090908,0.7105263157894737,0.631578947368421,0.75,0.6818181818181818,0.6857142857142857,0.4264014327112209,0.20246475817932932,24,30,14,8,ECFP_StateCore,8,0
76,32,44,0.75,0.7354764302525484,0.6747159090909092,0.6578947368421053,0.5681818181818182,0.78125,0.5681818181818182,0.6578947368421053,0.3494318181818182,0.21317616610365414,25,25,19,7,ECFP_FluxCore,8,0
76,32,44,0.7464488636363636,0.7263236184708592,0.6704545454545454,0.6578947368421053,0.5714285714285714,0.75,0.5909090909090909,0.6486486486486487,0.33851335433314783,0.2129289254568324,24,26,18,8,ECFP_StateFluxCore,8,0
76,31,45,0.8637992831541219,0.8211378802906522,0.7971326164874553,0.7894736842105263,0.7027027027027027,0.8387096774193549,0.7555555555555555,0.7647058823529411,0.5842978135782488,0.1701632525089739,26,34,11,5,ECFP,8,1
76,31,45,0.8451612903225807,0.7746972129986098,0.7526881720430108,0.7368421052631579,0.6341463414634146,0.8387096774193549,0.6666666666666666,0.7222222222222222,0.4982829909605474,0.17740440723825734,26,30,15,5,ECFP_StateCore,8,1
76,31,45,0.8458781362007168,0.8232503888288207,0.7032258064516128,0.6842105263157895,0.5813953488372093,0.8064516129032258,0.6,0.6756756756756757,0.40299973202743616,0.17856730510721133,25,27,18,6,ECFP_FluxCore,8,1
76,31,45,0.8243727598566307,0.7674932690703646,0.7415770609318997,0.7236842105263158,0.6190476190476191,0.8387096774193549,0.6444444444444445,0.7123287671232876,0.4775388277702157,0.18185428001484263,26,29,16,5,ECFP_StateFluxCore,8,1
76,31,45,0.8057347670250896,0.7038978666345672,0.6903225806451614,0.7105263157894737,0.6666666666666666,0.5806451612903226,0.8,0.6206896551724138,0.39086564071214186,0.18194768305104161,18,36,9,13,ECFP,8,2
76,31,45,0.8121863799283153,0.7202297820278609,0.7437275985663083,0.75,0.6875,0.7096774193548387,0.7777777777777778,0.6984126984126984,0.485199652885942,0.17595510861485777,22,35,10,9,ECFP_StateCore,8,2
76,31,45,0.7806451612903225,0.6856720071254649,0.6992831541218638,0.6973684210526315,0.6111111111111112,0.7096774193548387,0.6888888888888889,0.6567164179104478,0.3922892811783662,0.18914250078668912,22,31,14,9,ECFP_FluxCore,8,2
76,31,45,0.7935483870967742,0.7120254918671605,0.7103942652329749,0.7105263157894737,0.6285714285714286,0.7096774193548387,0.7111111111111111,0.6666666666666666,0.41488243360828553,0.18485418413053992,22,32,13,9,ECFP_StateFluxCore,8,2
74,31,43,0.7584396099024756,0.7169771262731899,0.7340585146286571,0.7432432432432432,0.7,0.6774193548387096,0.7906976744186046,0.6885245901639344,0.4704165032798096,0.1943767312932257,21,34,9,10,ECFP,8,3
74,31,43,0.7606901725431358,0.6926408693151702,0.7108027006751687,0.7162162162162162,0.65625,0.6774193548387096,0.7441860465116279,0.6666666666666666,0.4198765368765109,0.19612589022297325,21,32,11,10,ECFP_StateCore,8,3
74,31,43,0.7629407351837959,0.7225022707237811,0.7108027006751687,0.7162162162162162,0.65625,0.6774193548387096,0.7441860465116279,0.6666666666666666,0.4198765368765109,0.19636569251635608,21,32,11,10,ECFP_FluxCore,8,3
74,31,43,0.765191297824456,0.7040441858979141,0.7340585146286571,0.7432432432432432,0.7,0.6774193548387096,0.7906976744186046,0.6885245901639344,0.4704165032798096,0.1945055908713864,21,34,9,10,ECFP_StateFluxCore,8,3
74,31,43,0.8814703675918979,0.8786087465633132,0.8083270817704427,0.8243243243243243,0.8461538461538461,0.7096774193548387,0.9069767441860465,0.7719298245614035,0.6373081174463313,0.15375087317900563,22,39,4,9,ECFP,8,4
74,31,43,0.8102025506376596,0.7425705260976033,0.7340585146286571,0.7432432432432432,0.7,0.6774193548387096,0.7906976744186046,0.6885245901639344,0.4704165032798096,0.18237438994109736,21,34,9,10,ECFP_StateCore,8,4
74,31,43,0.8364591147786946,0.8267925274695656,0.7385596399099775,0.7432432432432432,0.6875,0.7096774193548387,0.7674418604651163,0.6984126984126984,0.4751627712695034,0.17385134697821167,22,33,10,9,ECFP_FluxCore,8,4
74,31,43,0.8154538634658663,0.7468526980969403,0.7179294823705926,0.7297297297297297,0.6896551724137931,0.6451612903225806,0.7906976744186046,0.6666666666666666,0.4405100305150721,0.17958123345475857,20,34,9,11,ECFP_StateFluxCore,8,4
76,32,44,0.7698863636363636,0.7457362128951404,0.7144886363636364,0.7236842105263158,0.6774193548387096,0.65625,0.7727272727272727,0.6666666666666666,0.430971456386925,0.19321409698401373,21,34,10,11,ECFP,9,0
76,32,44,0.7599431818181819,0.7107724784433538,0.7159090909090908,0.7105263157894737,0.631578947368421,0.75,0.6818181818181818,0.6857142857142857,0.4264014327112209,0.20482242516039073,24,30,14,8,ECFP_StateCore,9,0
76,32,44,0.7400568181818182,0.7268377249835579,0.6065340909090909,0.5789473684210527,0.5,0.78125,0.4318181818181818,0.6097560975609756,0.22174214849590598,0.21947974529734265,25,19,25,7,ECFP_FluxCore,9,0
76,32,44,0.7336647727272727,0.7151499663407764,0.6321022727272727,0.618421052631579,0.5348837209302325,0.71875,0.5454545454545454,0.6133333333333333,0.26317850450871,0.21938315478516876,23,24,20,9,ECFP_StateFluxCore,9,0
76,31,45,0.8444444444444444,0.8039333808614741,0.7487455197132616,0.75,0.6764705882352942,0.7419354838709677,0.7555555555555555,0.7076923076923077,0.4917091193954447,0.17115991897742158,23,34,11,8,ECFP,9,1
76,31,45,0.8594982078853046,0.8259069938167218,0.7476702508960573,0.7368421052631579,0.6410256410256411,0.8064516129032258,0.6888888888888889,0.7142857142857143,0.4870323150573823,0.16867651605716974,25,31,14,6,ECFP_StateCore,9,1
76,31,45,0.8129032258064516,0.7779105120697447,0.682078853046595,0.6710526315789473,0.575,0.7419354838709677,0.6222222222222222,0.647887323943662,0.35842258064498206,0.17825591672375665,23,28,17,8,ECFP_FluxCore,9,1
76,31,45,0.8243727598566308,0.7955956874461234,0.6881720430107527,0.6842105263157895,0.5945945945945946,0.7096774193548387,0.6666666666666666,0.6470588235294118,0.3700317878511226,0.1729180908592901,22,30,15,9,ECFP_StateFluxCore,9,1
76,31,45,0.8702508960573476,0.8554497571642325,0.7247311827956989,0.7631578947368421,0.8421052631578947,0.5161290322580645,0.9333333333333333,0.64,0.5101127853361851,0.16474680132819863,16,42,3,15,ECFP,9,2
76,31,45,0.8594982078853046,0.8047747431990958,0.7942652329749104,0.8157894736842105,0.84,0.6774193548387096,0.9111111111111111,0.75,0.6156033307410326,0.1583935734703533,21,41,4,10,ECFP_StateCore,9,2
76,31,45,0.8293906810035843,0.7743439802290292,0.7731182795698925,0.8026315789473685,0.8636363636363636,0.6129032258064516,0.9333333333333333,0.7169811320754716,0.5919154108398091,0.17050434454879054,19,42,3,12,ECFP_FluxCore,9,2
76,31,45,0.8164874551971326,0.7217331864291308,0.7620071684587814,0.7894736842105263,0.8260869565217391,0.6129032258064516,0.9111111111111111,0.7037037037037037,0.5605681521719565,0.17656984253366925,19,41,4,12,ECFP_StateFluxCore,9,2
74,31,43,0.8087021755438859,0.7675276632746282,0.7288072018004501,0.7162162162162162,0.625,0.8064516129032258,0.6511627906976745,0.704225352112676,0.45304913559366655,0.18756085664623412,25,28,15,6,ECFP,9,3
74,31,43,0.8019504876219056,0.7535852964650853,0.7449362340585146,0.7297297297297297,0.6341463414634146,0.8387096774193549,0.6511627906976745,0.7222222222222222,0.4862383491768357,0.1924112559018634,26,28,15,5,ECFP_StateCore,9,3
74,31,43,0.7981995498874719,0.7562621823411109,0.7010502625656414,0.6891891891891891,0.6,0.7741935483870968,0.627906976744186,0.676056338028169,0.398089076521648,0.19404063549330927,24,27,16,7,ECFP_FluxCore,9,3
74,31,43,0.8004501125281321,0.7522527826003997,0.7288072018004501,0.7162162162162162,0.625,0.8064516129032258,0.6511627906976745,0.704225352112676,0.45304913559366655,0.19272310751653388,25,28,15,6,ECFP_StateFluxCore,9,3
74,31,43,0.7996999249812453,0.7270708124217404,0.7198049512378095,0.7162162162162162,0.6388888888888888,0.7419354838709677,0.6976744186046512,0.6865671641791045,0.4339498000742011,0.1842157706384271,23,30,13,8,ECFP,9,4
74,31,43,0.7989497374343586,0.7307219158120308,0.7126781695423856,0.7027027027027027,0.6153846153846154,0.7741935483870968,0.6511627906976745,0.6857142857142857,0.4203409084447239,0.1929007600423713,24,28,15,7,ECFP_StateCore,9,4
74,31,43,0.7929482370592648,0.6963814220676602,0.7126781695423856,0.7027027027027027,0.6153846153846154,0.7741935483870968,0.6511627906976745,0.6857142857142857,0.4203409084447239,0.19473185405943255,24,28,15,7,ECFP_FluxCore,9,4
74,31,43,0.7891972993248312,0.7118569678829667,0.7243060765191298,0.7162162162162162,0.631578947368421,0.7741935483870968,0.6744186046511628,0.6956521739130435,0.4428361441030243,0.19624861974303542,24,29,14,7,ECFP_StateFluxCore,9,4
