edge,role,state,status,tar,job_id,job_name,comment,success,scf,stage,energy_Eh,job_name2,LTKBID,compound,primary_label,broad_class,mechanism,charge,multiplicity,geometry_source,heavy_atoms,smiles,input_file,input_sha256
R05E001,M,ANI,success,archive3595(1).tar,3700,R05E001_M_ANI,P05 StateFlux Round05 V4 | edge=R05E001 | LTKBID=LT00587 | compound=Minoxidil | class=dealkylation | role=M | state=ANI | source=existing_xTB | smiles=Nc1cc(NCCCCC=O)nc(N)[n+]1[O-],True,8,0,-776.01464237,R05E001_M_ANI,LT00587,Minoxidil,0.0,dealkylation,N-Dealkylation of mixed tertiary amine,-1,2,existing_xTB,16,Nc1cc(NCCCCC=O)nc(N)[n+]1[O-],output_round05_v4/qchem_inputs/wave_C_anion/R05E001_M_ANI.in,a70afc3880a5ca123f57bd372f953f47a086fd73c9aed64e2ec253d72815391b
R05E001,M,CAT,success,archive3595(1).tar,3652,R05E001_M_CAT,P05 StateFlux Round05 V4 | edge=R05E001 | LTKBID=LT00587 | compound=Minoxidil | class=dealkylation | role=M | state=CAT | source=existing_xTB | smiles=Nc1cc(NCCCCC=O)nc(N)[n+]1[O-],True,8,0,-775.77354822,R05E001_M_CAT,LT00587,Minoxidil,0.0,dealkylation,N-Dealkylation of mixed tertiary amine,1,2,existing_xTB,16,Nc1cc(NCCCCC=O)nc(N)[n+]1[O-],output_round05_v4/qchem_inputs/wave_B_cation/R05E001_M_CAT.in,0d4cc99a09ff11023a54adc04e8bd782af66573c24eb0ff9a15ba363c3dffb07
R05E001,M,N,success,archive3595(1).tar,3595,R05E001_M_N,P05 StateFlux Round05 V4 | edge=R05E001 | LTKBID=LT00587 | compound=Minoxidil | class=dealkylation | role=M | state=N | source=existing_xTB | smiles=Nc1cc(NCCCCC=O)nc(N)[n+]1[O-],True,8,0,-775.97302035,R05E001_M_N,LT00587,Minoxidil,0.0,dealkylation,N-Dealkylation of mixed tertiary amine,0,1,existing_xTB,16,Nc1cc(NCCCCC=O)nc(N)[n+]1[O-],output_round05_v4/qchem_inputs/wave_A_neutral/R05E001_M_N.in,81265c76f7ef68b3246b5f1d7f67a7c69eb830c3eb78eb01867510e42f6c8bb6
R05E001,P,ANI,success,archive3595(1).tar,3701,R05E001_P_ANI,P05 StateFlux Round05 V4 | edge=R05E001 | LTKBID=LT00587 | compound=Minoxidil | class=dealkylation | role=P | state=ANI | source=existing_xTB | smiles=Nc1cc(N2CCCCC2)nc(N)[n+]1[O-],True,8,0,-700.78990622,R05E001_P_ANI,LT00587,Minoxidil,0.0,dealkylation,N-Dealkylation of mixed tertiary amine,-1,2,existing_xTB,15,Nc1cc(N2CCCCC2)nc(N)[n+]1[O-],output_round05_v4/qchem_inputs/wave_C_anion/R05E001_P_ANI.in,a967007fbd033c6f1853f84be76960c80c40cc5fab3c8a2dab32ec52c9a034fd
R05E001,P,CAT,success,archive3595(1).tar,3653,R05E001_P_CAT,P05 StateFlux Round05 V4 | edge=R05E001 | LTKBID=LT00587 | compound=Minoxidil | class=dealkylation | role=P | state=CAT | source=existing_xTB | smiles=Nc1cc(N2CCCCC2)nc(N)[n+]1[O-],True,8,0,-700.57794044,R05E001_P_CAT,LT00587,Minoxidil,0.0,dealkylation,N-Dealkylation of mixed tertiary amine,1,2,existing_xTB,15,Nc1cc(N2CCCCC2)nc(N)[n+]1[O-],output_round05_v4/qchem_inputs/wave_B_cation/R05E001_P_CAT.in,bb2aae27d6801f70208889c4463aa13633fa6480ed29f2f71eb3ee3a7147051f
R05E001,P,N,success,archive3595(1).tar,3596,R05E001_P_N,P05 StateFlux Round05 V4 | edge=R05E001 | LTKBID=LT00587 | compound=Minoxidil | class=dealkylation | role=P | state=N | source=existing_xTB | smiles=Nc1cc(N2CCCCC2)nc(N)[n+]1[O-],True,8,0,-700.7732042,R05E001_P_N,LT00587,Minoxidil,0.0,dealkylation,N-Dealkylation of mixed tertiary amine,0,1,existing_xTB,15,Nc1cc(N2CCCCC2)nc(N)[n+]1[O-],output_round05_v4/qchem_inputs/wave_A_neutral/R05E001_P_N.in,0a69a5453fd5829f5ebd4da710f82768e2833791ee104396f619bd6d21a0da06
R05E002,M,ANI,success,archive3595(1).tar,3702,R05E002_M_ANI,P05 StateFlux Round05 V4 | edge=R05E002 | LTKBID=LT00848 | compound=Protriptyline hydrochloride | class=dealkylation | role=M | state=ANI | source=existing_xTB | smiles=O=CCCC1c2ccccc2C=Cc2ccccc21,True,8,0,-770.59370259,R05E002_M_ANI,LT00848,Protriptyline hydrochloride,0.0,dealkylation,N-Dealkylation of acyclic secondary amine,-1,2,existing_xTB,19,O=CCCC1c2ccccc2C=Cc2ccccc21,output_round05_v4/qchem_inputs/wave_C_anion/R05E002_M_ANI.in,50b3b6769da10b0518ffabe2ae5e87df6f26def157963fe50bc5d76a6702f160
R05E002,M,CAT,success,archive3595(1).tar,3654,R05E002_M_CAT,P05 StateFlux Round05 V4 | edge=R05E002 | LTKBID=LT00848 | compound=Protriptyline hydrochloride | class=dealkylation | role=M | state=CAT | source=existing_xTB | smiles=O=CCCC1c2ccccc2C=Cc2ccccc21,True,8,0,-770.32412406,R05E002_M_CAT,LT00848,Protriptyline hydrochloride,0.0,dealkylation,N-Dealkylation of acyclic secondary amine,1,2,existing_xTB,19,O=CCCC1c2ccccc2C=Cc2ccccc21,output_round05_v4/qchem_inputs/wave_B_cation/R05E002_M_CAT.in,6a513b4e8583f8c5d4f33c6a4af11d70e5054b5d7efc043f26a023f02465629a
R05E002,M,N,success,archive3595(1).tar,3597,R05E002_M_N,P05 StateFlux Round05 V4 | edge=R05E002 | LTKBID=LT00848 | compound=Protriptyline hydrochloride | class=dealkylation | role=M | state=N | source=existing_xTB | smiles=O=CCCC1c2ccccc2C=Cc2ccccc21,True,8,0,-770.53898915,R05E002_M_N,LT00848,Protriptyline hydrochloride,0.0,dealkylation,N-Dealkylation of acyclic secondary amine,0,1,existing_xTB,19,O=CCCC1c2ccccc2C=Cc2ccccc21,output_round05_v4/qchem_inputs/wave_A_neutral/R05E002_M_N.in,9c08d74f97926b72111da1d911e57de55dd7808240e5469b6649cf15969f0b16
R05E002,P,ANI,success,archive3595(1).tar,3703,R05E002_P_ANI,P05 StateFlux Round05 V4 | edge=R05E002 | LTKBID=LT00848 | compound=Protriptyline hydrochloride | class=dealkylation | role=P | state=ANI | source=existing_xTB | smiles=CNCCCC1c2ccccc2C=Cc2ccccc21,True,8,0,-791.23734422,R05E002_P_ANI,LT00848,Protriptyline hydrochloride,0.0,dealkylation,N-Dealkylation of acyclic secondary amine,-1,2,existing_xTB,20,CNCCCC1c2ccccc2C=Cc2ccccc21,output_round05_v4/qchem_inputs/wave_C_anion/R05E002_P_ANI.in,4dbba8af1db32405cd70f40a4b019ec869afb93f2f511cc3aa1e367956618b06
R05E002,P,CAT,success,archive3595(1).tar,3655,R05E002_P_CAT,P05 StateFlux Round05 V4 | edge=R05E002 | LTKBID=LT00848 | compound=Protriptyline hydrochloride | class=dealkylation | role=P | state=CAT | source=existing_xTB | smiles=CNCCCC1c2ccccc2C=Cc2ccccc21,True,8,0,-790.9693402,R05E002_P_CAT,LT00848,Protriptyline hydrochloride,0.0,dealkylation,N-Dealkylation of acyclic secondary amine,1,2,existing_xTB,20,CNCCCC1c2ccccc2C=Cc2ccccc21,output_round05_v4/qchem_inputs/wave_B_cation/R05E002_P_CAT.in,323128c9e45a2132d332a03dc9d62947179d1873141fcabdb85ced2cbe0b7366
R05E002,P,N,success,archive3595(1).tar,3598,R05E002_P_N,P05 StateFlux Round05 V4 | edge=R05E002 | LTKBID=LT00848 | compound=Protriptyline hydrochloride | class=dealkylation | role=P | state=N | source=existing_xTB | smiles=CNCCCC1c2ccccc2C=Cc2ccccc21,True,8,0,-791.18376354,R05E002_P_N,LT00848,Protriptyline hydrochloride,0.0,dealkylation,N-Dealkylation of acyclic secondary amine,0,1,existing_xTB,20,CNCCCC1c2ccccc2C=Cc2ccccc21,output_round05_v4/qchem_inputs/wave_A_neutral/R05E002_P_N.in,fdbc0ff7d8928b3175c732f235325065818f4c488ce1450e04233e131c05174a
R05E003,M,ANI,success,archive3595(1).tar,3704,R05E003_M_ANI,P05 StateFlux Round05 V4 | edge=R05E003 | LTKBID=LT01861 | compound=Viloxazine hydrochloride | class=dealkylation | role=M | state=ANI | source=existing_xTB_R05A | smiles=Oc1ccccc1OCC1CNCCO1,True,8,0,-708.41442499,R05E003_M_ANI,LT01861,Viloxazine hydrochloride,0.0,dealkylation,O-Dealkylation,-1,2,existing_xTB_R05A,15,Oc1ccccc1OCC1CNCCO1,output_round05_v4/qchem_inputs/wave_C_anion/R05E003_M_ANI.in,e53ae64e2529a26e6b56aa800e163e31e24486a80c36cf4bd49b8de489f33ba2
R05E003,M,CAT,success,archive3595(1).tar,3656,R05E003_M_CAT,P05 StateFlux Round05 V4 | edge=R05E003 | LTKBID=LT01861 | compound=Viloxazine hydrochloride | class=dealkylation | role=M | state=CAT | source=existing_xTB_R05A | smiles=Oc1ccccc1OCC1CNCCO1,True,8,0,-708.18204654,R05E003_M_CAT,LT01861,Viloxazine hydrochloride,0.0,dealkylation,O-Dealkylation,1,2,existing_xTB_R05A,15,Oc1ccccc1OCC1CNCCO1,output_round05_v4/qchem_inputs/wave_B_cation/R05E003_M_CAT.in,7d92f2ab63cc29082e8260c1e4821baa5a820132500806eaadabf108ba411e60
R05E003,M,N,success,archive3595(1).tar,3599,R05E003_M_N,P05 StateFlux Round05 V4 | edge=R05E003 | LTKBID=LT01861 | compound=Viloxazine hydrochloride | class=dealkylation | role=M | state=N | source=existing_xTB_R05A | smiles=Oc1ccccc1OCC1CNCCO1,True,8,0,-708.3975326,R05E003_M_N,LT01861,Viloxazine hydrochloride,0.0,dealkylation,O-Dealkylation,0,1,existing_xTB_R05A,15,Oc1ccccc1OCC1CNCCO1,output_round05_v4/qchem_inputs/wave_A_neutral/R05E003_M_N.in,615b5757a876b90e946354aa7e784dafea97736fad253f884a38da115595d461
R05E003,P,ANI,success,archive3595(1).tar,3705,R05E003_P_ANI,P05 StateFlux Round05 V4 | edge=R05E003 | LTKBID=LT01861 | compound=Viloxazine hydrochloride | class=dealkylation | role=P | state=ANI | source=existing_xTB | smiles=CCOc1ccccc1OCC1CNCCO1,True,8,0,-787.01771808,R05E003_P_ANI,LT01861,Viloxazine hydrochloride,0.0,dealkylation,O-Dealkylation,-1,2,existing_xTB,17,CCOc1ccccc1OCC1CNCCO1,output_round05_v4/qchem_inputs/wave_C_anion/R05E003_P_ANI.in,57104c7380e6b0634436ba761cb5730f2cc3d33b8774f50999d2c604b5e7827f
R05E003,P,CAT,success,archive3595(1).tar,3657,R05E003_P_CAT,P05 StateFlux Round05 V4 | edge=R05E003 | LTKBID=LT01861 | compound=Viloxazine hydrochloride | class=dealkylation | role=P | state=CAT | source=existing_xTB | smiles=CCOc1ccccc1OCC1CNCCO1,True,8,0,-786.75747658,R05E003_P_CAT,LT01861,Viloxazine hydrochloride,0.0,dealkylation,O-Dealkylation,1,2,existing_xTB,17,CCOc1ccccc1OCC1CNCCO1,output_round05_v4/qchem_inputs/wave_B_cation/R05E003_P_CAT.in,31d4a10fecff6b8c69fbaadde1eb7adc8ff0a80efd80bb73745501dc29ef5689
R05E003,P,N,success,archive3595(1).tar,3600,R05E003_P_N,P05 StateFlux Round05 V4 | edge=R05E003 | LTKBID=LT01861 | compound=Viloxazine hydrochloride | class=dealkylation | role=P | state=N | source=existing_xTB | smiles=CCOc1ccccc1OCC1CNCCO1,True,8,0,-786.99377881,R05E003_P_N,LT01861,Viloxazine hydrochloride,0.0,dealkylation,O-Dealkylation,0,1,existing_xTB,17,CCOc1ccccc1OCC1CNCCO1,output_round05_v4/qchem_inputs/wave_A_neutral/R05E003_P_N.in,33e534ecf52e454815046bdc29b97be12c78c38daa663f43455f29cbb280c3a6
R05E004,M,ANI,success,archive3595(1).tar,3706,R05E004_M_ANI,P05 StateFlux Round05 V4 | edge=R05E004 | LTKBID=LT02055 | compound=Pamabrom | class=dealkylation | role=M | state=ANI | source=existing_xTB | smiles=Cn1c(=O)[nH]c2nc(Br)[nH]c2c1=O,True,8,0,-3174.96602237,R05E004_M_ANI,LT02055,Pamabrom,0.0,dealkylation,N-Dealkylation of urea,-1,2,existing_xTB,13,Cn1c(=O)[nH]c2nc(Br)[nH]c2c1=O,output_round05_v4/qchem_inputs/wave_C_anion/R05E004_M_ANI.in,bba745e8dca5fc3dd0a07fe86509d336e223e7bda0b8ae3da1d35b7b4150e6cf
R05E004,M,CAT,success,archive3595(1).tar,3658,R05E004_M_CAT,P05 StateFlux Round05 V4 | edge=R05E004 | LTKBID=LT02055 | compound=Pamabrom | class=dealkylation | role=M | state=CAT | source=existing_xTB | smiles=Cn1c(=O)[nH]c2nc(Br)[nH]c2c1=O,True,8,0,-3174.67182976,R05E004_M_CAT,LT02055,Pamabrom,0.0,dealkylation,N-Dealkylation of urea,1,2,existing_xTB,13,Cn1c(=O)[nH]c2nc(Br)[nH]c2c1=O,output_round05_v4/qchem_inputs/wave_B_cation/R05E004_M_CAT.in,7fe3e9948244d2d78cca33082eca0ed58f6d79af4590ab3cf178c5a2a75c5a19
R05E004,M,N,success,archive3595(1).tar,3601,R05E004_M_N,P05 StateFlux Round05 V4 | edge=R05E004 | LTKBID=LT02055 | compound=Pamabrom | class=dealkylation | role=M | state=N | source=existing_xTB | smiles=Cn1c(=O)[nH]c2nc(Br)[nH]c2c1=O,True,8,0,-3174.90963573,R05E004_M_N,LT02055,Pamabrom,0.0,dealkylation,N-Dealkylation of urea,0,1,existing_xTB,13,Cn1c(=O)[nH]c2nc(Br)[nH]c2c1=O,output_round05_v4/qchem_inputs/wave_A_neutral/R05E004_M_N.in,135e633756cc0643fa614d82f3687cfded232c440f1aef886c93feaac75f0bdd
R05E004,P,ANI,success,archive3595(1).tar,3707,R05E004_P_ANI,P05 StateFlux Round05 V4 | edge=R05E004 | LTKBID=LT02055 | compound=Pamabrom | class=dealkylation | role=P | state=ANI | source=existing_xTB | smiles=Cn1c(=O)c2[nH]c(Br)nc2n(C)c1=O,True,8,0,-3214.26066393,R05E004_P_ANI,LT02055,Pamabrom,0.0,dealkylation,N-Dealkylation of urea,-1,2,existing_xTB,14,Cn1c(=O)c2[nH]c(Br)nc2n(C)c1=O,output_round05_v4/qchem_inputs/wave_C_anion/R05E004_P_ANI.in,71034dd666d7ca1dc28f38d2a32416ff45420f2381b5864f6f2da4f67d0d1af0
R05E004,P,CAT,success,archive3595(1).tar,3659,R05E004_P_CAT,P05 StateFlux Round05 V4 | edge=R05E004 | LTKBID=LT02055 | compound=Pamabrom | class=dealkylation | role=P | state=CAT | source=existing_xTB | smiles=Cn1c(=O)c2[nH]c(Br)nc2n(C)c1=O,True,8,0,-3213.97130575,R05E004_P_CAT,LT02055,Pamabrom,0.0,dealkylation,N-Dealkylation of urea,1,2,existing_xTB,14,Cn1c(=O)c2[nH]c(Br)nc2n(C)c1=O,output_round05_v4/qchem_inputs/wave_B_cation/R05E004_P_CAT.in,88f533bd22f56d1d93568330d8848d39a3e2f44490d16dff61d939496f933ee0
R05E004,P,N,success,archive3595(1).tar,3602,R05E004_P_N,P05 StateFlux Round05 V4 | edge=R05E004 | LTKBID=LT02055 | compound=Pamabrom | class=dealkylation | role=P | state=N | source=existing_xTB | smiles=Cn1c(=O)c2[nH]c(Br)nc2n(C)c1=O,True,8,0,-3214.20468458,R05E004_P_N,LT02055,Pamabrom,0.0,dealkylation,N-Dealkylation of urea,0,1,existing_xTB,14,Cn1c(=O)c2[nH]c(Br)nc2n(C)c1=O,output_round05_v4/qchem_inputs/wave_A_neutral/R05E004_P_N.in,60d44c049b21a953fa9191ea3696ffe685a258dcd0c44721fff95bc6167928de
R05E005,M,ANI,success,archive3595(1).tar,3708,R05E005_M_ANI,P05 StateFlux Round05 V4 | edge=R05E005 | LTKBID=LT02085 | compound=Orphenadrine hydrochloride | class=dealkylation | role=M | state=ANI | source=existing_xTB | smiles=Cc1ccccc1C(=O)c1ccccc1,True,8,0,-615.83931217,R05E005_M_ANI,LT02085,Orphenadrine hydrochloride,0.0,dealkylation,O-Dealkylation of dialkylether,-1,2,existing_xTB,15,Cc1ccccc1C(=O)c1ccccc1,output_round05_v4/qchem_inputs/wave_C_anion/R05E005_M_ANI.in,31e6a7dc4b6475ad654ea470d83bde466c6bc5f0a11207829d6bcd4d23ec445c
R05E005,M,CAT,success,archive3595(1).tar,3660,R05E005_M_CAT,P05 StateFlux Round05 V4 | edge=R05E005 | LTKBID=LT02085 | compound=Orphenadrine hydrochloride | class=dealkylation | role=M | state=CAT | source=existing_xTB | smiles=Cc1ccccc1C(=O)c1ccccc1,True,8,0,-615.50988541,R05E005_M_CAT,LT02085,Orphenadrine hydrochloride,0.0,dealkylation,O-Dealkylation of dialkylether,1,2,existing_xTB,15,Cc1ccccc1C(=O)c1ccccc1,output_round05_v4/qchem_inputs/wave_B_cation/R05E005_M_CAT.in,c468c153a01f2ca23ed7354a31dce88d464bdd0a262f64b8f02b297819c42268
R05E005,M,N,success,archive3595(1).tar,3603,R05E005_M_N,P05 StateFlux Round05 V4 | edge=R05E005 | LTKBID=LT02085 | compound=Orphenadrine hydrochloride | class=dealkylation | role=M | state=N | source=existing_xTB | smiles=Cc1ccccc1C(=O)c1ccccc1,True,8,0,-615.75626278,R05E005_M_N,LT02085,Orphenadrine hydrochloride,0.0,dealkylation,O-Dealkylation of dialkylether,0,1,existing_xTB,15,Cc1ccccc1C(=O)c1ccccc1,output_round05_v4/qchem_inputs/wave_A_neutral/R05E005_M_N.in,e49e153b8abeab21c492d3d78bf0d13ef825342cedeea108495edde5363255a1
R05E005,P,ANI,success,archive3595(1).tar,3709,R05E005_P_ANI,P05 StateFlux Round05 V4 | edge=R05E005 | LTKBID=LT02085 | compound=Orphenadrine hydrochloride | class=dealkylation | role=P | state=ANI | source=existing_xTB | smiles=Cc1ccccc1C(OCCN(C)C)c1ccccc1,True,8,0,-829.50409409,R05E005_P_ANI,LT02085,Orphenadrine hydrochloride,0.0,dealkylation,O-Dealkylation of dialkylether,-1,2,existing_xTB,20,Cc1ccccc1C(OCCN(C)C)c1ccccc1,output_round05_v4/qchem_inputs/wave_C_anion/R05E005_P_ANI.in,510825cd62cb4f0db13155f4bc566bba552c64345049ab4baab0fc361fb40908
R05E005,P,CAT,success,archive3595(1).tar,3661,R05E005_P_CAT,P05 StateFlux Round05 V4 | edge=R05E005 | LTKBID=LT02085 | compound=Orphenadrine hydrochloride | class=dealkylation | role=P | state=CAT | source=existing_xTB | smiles=Cc1ccccc1C(OCCN(C)C)c1ccccc1,True,8,0,-829.26833204,R05E005_P_CAT,LT02085,Orphenadrine hydrochloride,0.0,dealkylation,O-Dealkylation of dialkylether,1,2,existing_xTB,20,Cc1ccccc1C(OCCN(C)C)c1ccccc1,output_round05_v4/qchem_inputs/wave_B_cation/R05E005_P_CAT.in,b5205b99ad06346ea174d614e33f8be40ba3566a5b482258adff45127e4efbce
R05E005,P,N,success,archive3595(1).tar,3604,R05E005_M_N,P05 StateFlux Round05 V4 | edge=R05E005 | LTKBID=LT02085 | compound=Orphenadrine hydrochloride | class=dealkylation | role=P | state=N | source=existing_xTB | smiles=Cc1ccccc1C(OCCN(C)C)c1ccccc1,True,8,0,-829.48196191,R05E005_P_N,LT02085,Orphenadrine hydrochloride,0.0,dealkylation,O-Dealkylation of dialkylether,0,1,existing_xTB,20,Cc1ccccc1C(OCCN(C)C)c1ccccc1,output_round05_v4/qchem_inputs/wave_A_neutral/R05E005_P_N.in,d05b8607e3420e1860bb2fdea9bc8b855c217f0e63a7cf8d7037fe37d803ba8b
R05E006,M,ANI,success,archive3757 (1).tar,3757,R05E022_M_CAT_RESCUE1,P05 StateFlux Round05 V4 RESCUE1 | edge=R05E006 | LTKBID=LT00152 | compound=Tamoxifen citrate | class=dealkylation | role=M | state=ANI | source=existing_xTB | smiles=CC/C(=C(\c1ccccc1)c1ccc(OCC=O)cc1)c1ccccc1,True,8,1,-1077.93622159,R05E006_M_ANI,LT00152,Tamoxifen citrate,1.0,dealkylation,N-Dealkylation of acyclic tertiary amine,-1,2,existing_xTB,26,CC/C(=C(\c1ccccc1)c1ccc(OCC=O)cc1)c1ccccc1,output_round05_v4/qchem_inputs/wave_C_anion/R05E006_M_ANI.in,2ebc31dedece82619f9d2bad24195971e1965a332693ba7e889a3c67dcb2af85
R05E006,M,CAT,success,archive3595(1).tar,3662,R05E006_M_CAT,P05 StateFlux Round05 V4 | edge=R05E006 | LTKBID=LT00152 | compound=Tamoxifen citrate | class=dealkylation | role=M | state=CAT | source=existing_xTB | smiles=CC/C(=C(\c1ccccc1)c1ccc(OCC=O)cc1)c1ccccc1,True,8,0,-1077.6917373,R05E006_M_CAT,LT00152,Tamoxifen citrate,1.0,dealkylation,N-Dealkylation of acyclic tertiary amine,1,2,existing_xTB,26,CC/C(=C(\c1ccccc1)c1ccc(OCC=O)cc1)c1ccccc1,output_round05_v4/qchem_inputs/wave_B_cation/R05E006_M_CAT.in,44b3d3f833a69d85172e2daf763fa582297c79b0eff4c6357d4832d98611d56d
R05E006,M,N,success,archive3595(1).tar,3605,R05E005_P_N,P05 StateFlux Round05 V4 | edge=R05E006 | LTKBID=LT00152 | compound=Tamoxifen citrate | class=dealkylation | role=M | state=N | source=existing_xTB | smiles=CC/C(=C(\c1ccccc1)c1ccc(OCC=O)cc1)c1ccccc1,True,8,0,-1077.89617585,R05E006_M_N,LT00152,Tamoxifen citrate,1.0,dealkylation,N-Dealkylation of acyclic tertiary amine,0,1,existing_xTB,26,CC/C(=C(\c1ccccc1)c1ccc(OCC=O)cc1)c1ccccc1,output_round05_v4/qchem_inputs/wave_A_neutral/R05E006_M_N.in,926417441a5e4c7cee3093f33964017348946d23c22a20c77ebcff98f29a5d22
R05E006,P,ANI,success,archive3757 (1).tar,3758,R05E024_M_CAT_RESCUE1,P05 StateFlux Round05 V4 RESCUE1 | edge=R05E006 | LTKBID=LT00152 | compound=Tamoxifen citrate | class=dealkylation | role=P | state=ANI | source=existing_xTB | smiles=CC/C(=C(\c1ccccc1)c1ccc(OCCN(C)C)cc1)c1ccccc1,True,8,1,-1137.88255281,R05E006_P_ANI,LT00152,Tamoxifen citrate,1.0,dealkylation,N-Dealkylation of acyclic tertiary amine,-1,2,existing_xTB,28,CC/C(=C(\c1ccccc1)c1ccc(OCCN(C)C)cc1)c1ccccc1,output_round05_v4/qchem_inputs/wave_C_anion/R05E006_P_ANI.in,59f0873e64548ef6cd1014c151d232514b76e512aa4825c7cc364686133716fe
R05E006,P,CAT,success,archive3595(1).tar,3663,R05E006_P_CAT,P05 StateFlux Round05 V4 | edge=R05E006 | LTKBID=LT00152 | compound=Tamoxifen citrate | class=dealkylation | role=P | state=CAT | source=existing_xTB | smiles=CC/C(=C(\c1ccccc1)c1ccc(OCCN(C)C)cc1)c1ccccc1,True,8,0,-1137.6400626,R05E006_P_CAT,LT00152,Tamoxifen citrate,1.0,dealkylation,N-Dealkylation of acyclic tertiary amine,1,2,existing_xTB,28,CC/C(=C(\c1ccccc1)c1ccc(OCCN(C)C)cc1)c1ccccc1,output_round05_v4/qchem_inputs/wave_B_cation/R05E006_P_CAT.in,9c10a57bcac09d52bc1428dd950779d4f8aa2cc19dd439df858dd8248b20a24f
R05E006,P,N,success,archive3595(1).tar,3606,R05E006_M_N,P05 StateFlux Round05 V4 | edge=R05E006 | LTKBID=LT00152 | compound=Tamoxifen citrate | class=dealkylation | role=P | state=N | source=existing_xTB | smiles=CC/C(=C(\c1ccccc1)c1ccc(OCCN(C)C)cc1)c1ccccc1,True,8,0,-1137.84254952,R05E006_P_N,LT00152,Tamoxifen citrate,1.0,dealkylation,N-Dealkylation of acyclic tertiary amine,0,1,existing_xTB,28,CC/C(=C(\c1ccccc1)c1ccc(OCCN(C)C)cc1)c1ccccc1,output_round05_v4/qchem_inputs/wave_A_neutral/R05E006_P_N.in,aae839e080d6e593b1b482c791522226a9b187f84feadecfcbda6544b9fc67bd
R05E007,M,ANI,success,archive3757 (1).tar,3759,R05E006_M_ANI_RESCUE1,P05 StateFlux Round05 V4 RESCUE1 | edge=R05E007 | LTKBID=LT00672 | compound=Pazopanib hydrochloride | class=dealkylation | role=M | state=ANI | source=existing_xTB | smiles=Cc1ccc(Nc2nccc(Nc3ccc4c(C)n(C)nc4c3)n2)cc1S(N)(=O)=O,True,8,1,-1706.29032658,R05E007_M_ANI,LT00672,Pazopanib hydrochloride,1.0,dealkylation,N-Dealkylation of mixed tertiary amine,-1,2,existing_xTB,30,Cc1ccc(Nc2nccc(Nc3ccc4c(C)n(C)nc4c3)n2)cc1S(N)(=O)=O,output_round05_v4/qchem_inputs/wave_C_anion/R05E007_M_ANI.in,2fea04a590d6207c5a0eb5b05281b2b5acebd9afec59e118d488e1841f0da1c7
R05E007,M,CAT,success,archive3595(1).tar,3664,R05E007_M_CAT,P05 StateFlux Round05 V4 | edge=R05E007 | LTKBID=LT00672 | compound=Pazopanib hydrochloride | class=dealkylation | role=M | state=CAT | source=existing_xTB | smiles=Cc1ccc(Nc2nccc(Nc3ccc4c(C)n(C)nc4c3)n2)cc1S(N)(=O)=O,True,8,0,-1706.04051116,R05E007_M_CAT,LT00672,Pazopanib hydrochloride,1.0,dealkylation,N-Dealkylation of mixed tertiary amine,1,2,existing_xTB,30,Cc1ccc(Nc2nccc(Nc3ccc4c(C)n(C)nc4c3)n2)cc1S(N)(=O)=O,output_round05_v4/qchem_inputs/wave_B_cation/R05E007_M_CAT.in,debbb825583f87f8cf9fa61a9d62be7067b3e4d6c8054f618e03d9c6aa276562
R05E007,M,N,success,archive3595(1).tar,3607,7a,P05 StateFlux Round05 V4 | edge=R05E007 | LTKBID=LT00672 | compound=Pazopanib hydrochloride | class=dealkylation | role=M | state=N | source=existing_xTB | smiles=Cc1ccc(Nc2nccc(Nc3ccc4c(C)n(C)nc4c3)n2)cc1S(N)(=O)=O,True,8,0,-1706.24199502,R05E007_M_N,LT00672,Pazopanib hydrochloride,1.0,dealkylation,N-Dealkylation of mixed tertiary amine,0,1,existing_xTB,30,Cc1ccc(Nc2nccc(Nc3ccc4c(C)n(C)nc4c3)n2)cc1S(N)(=O)=O,output_round05_v4/qchem_inputs/wave_A_neutral/R05E007_M_N.in,8da26b17f82ba58dd7c72a80b92f452ba26d777a3e8629765aa7bc68dae55166
R05E007,P,ANI,success,archive3757 (1).tar,3776,R05E007_P_ANI_RESCUE2,P05 StateFlux Round05 V4 RESCUE2 | edge=R05E007 | LTKBID=LT00672 | compound=Pazopanib hydrochloride | class=dealkylation | role=P | state=ANI | source=existing_xTB | smiles=Cc1ccc(Nc2nccc(N(C)c3ccc4c(C)n(C)nc4c3)n2)cc1S(N)(=O)=O,True,7,2,-1745.58384236,R05E007_P_ANI,LT00672,Pazopanib hydrochloride,1.0,dealkylation,N-Dealkylation of mixed tertiary amine,-1,2,existing_xTB,31,Cc1ccc(Nc2nccc(N(C)c3ccc4c(C)n(C)nc4c3)n2)cc1S(N)(=O)=O,output_round05_v4/qchem_inputs/wave_C_anion/R05E007_P_ANI.in,5d1e20124445c21116134994084c80ceac6d7a65f8a17dfe05b6951b455ba110
R05E007,P,CAT,success,archive3595(1).tar,3665,R05E007_P_CAT,P05 StateFlux Round05 V4 | edge=R05E007 | LTKBID=LT00672 | compound=Pazopanib hydrochloride | class=dealkylation | role=P | state=CAT | source=existing_xTB | smiles=Cc1ccc(Nc2nccc(N(C)c3ccc4c(C)n(C)nc4c3)n2)cc1S(N)(=O)=O,True,8,0,-1745.32958445,R05E007_P_CAT,LT00672,Pazopanib hydrochloride,1.0,dealkylation,N-Dealkylation of mixed tertiary amine,1,2,existing_xTB,31,Cc1ccc(Nc2nccc(N(C)c3ccc4c(C)n(C)nc4c3)n2)cc1S(N)(=O)=O,output_round05_v4/qchem_inputs/wave_B_cation/R05E007_P_CAT.in,108d04c4d946cc0bcb445477f611e640b349ac56e44348fbe0426ae92bafc967
R05E007,P,N,success,archive3595(1).tar,3608,7p,P05 StateFlux Round05 V4 | edge=R05E007 | LTKBID=LT00672 | compound=Pazopanib hydrochloride | class=dealkylation | role=P | state=N | source=existing_xTB | smiles=Cc1ccc(Nc2nccc(N(C)c3ccc4c(C)n(C)nc4c3)n2)cc1S(N)(=O)=O,True,8,0,-1745.53398545,R05E007_P_N,LT00672,Pazopanib hydrochloride,1.0,dealkylation,N-Dealkylation of mixed tertiary amine,0,1,existing_xTB,31,Cc1ccc(Nc2nccc(N(C)c3ccc4c(C)n(C)nc4c3)n2)cc1S(N)(=O)=O,output_round05_v4/qchem_inputs/wave_A_neutral/R05E007_P_N.in,f85f54433b8a5ea81f00d9c18dcedb5f09b23834ca686f9e9cd8c51f41f39edf
R05E008,M,ANI,success,archive3595(1).tar,3714,R05E008_M_ANI,P05 StateFlux Round05 V4 | edge=R05E008 | LTKBID=LT01680 | compound=Pirprofen | class=dealkylation | role=M | state=ANI | source=existing_xTB | smiles=CC(C(=O)O)c1ccc(NCC=CC=O)c(Cl)c1,True,8,0,-1244.26463414,R05E008_M_ANI,LT01680,Pirprofen,1.0,dealkylation,N-Dealkylation of mixed tertiary amine,-1,2,existing_xTB,18,CC(C(=O)O)c1ccc(NCC=CC=O)c(Cl)c1,output_round05_v4/qchem_inputs/wave_C_anion/R05E008_M_ANI.in,4642c750aad1258977a779a43337b24ac7a49c6a9a915f7d1bb2e4bc9bca704b
R05E008,M,CAT,success,archive3595(1).tar,3666,R05E008_M_CAT,P05 StateFlux Round05 V4 | edge=R05E008 | LTKBID=LT01680 | compound=Pirprofen | class=dealkylation | role=M | state=CAT | source=existing_xTB | smiles=CC(C(=O)O)c1ccc(NCC=CC=O)c(Cl)c1,True,8,0,-1243.98163289,R05E008_M_CAT,LT01680,Pirprofen,1.0,dealkylation,N-Dealkylation of mixed tertiary amine,1,2,existing_xTB,18,CC(C(=O)O)c1ccc(NCC=CC=O)c(Cl)c1,output_round05_v4/qchem_inputs/wave_B_cation/R05E008_M_CAT.in,68e6a5b11a73d82b4f1208c150fc1fab7ecf3f0cf1d21c2fd1103b41ef31fb0f
R05E008,M,N,success,archive3595(1).tar,3609,8m,P05 StateFlux Round05 V4 | edge=R05E008 | LTKBID=LT01680 | compound=Pirprofen | class=dealkylation | role=M | state=N | source=existing_xTB | smiles=CC(C(=O)O)c1ccc(NCC=CC=O)c(Cl)c1,True,8,0,-1244.18268976,R05E008_M_N,LT01680,Pirprofen,1.0,dealkylation,N-Dealkylation of mixed tertiary amine,0,1,existing_xTB,18,CC(C(=O)O)c1ccc(NCC=CC=O)c(Cl)c1,output_round05_v4/qchem_inputs/wave_A_neutral/R05E008_M_N.in,52eeba9789864f12860db76bd909490180194c61395cde8b8dbd609b04c57b21
R05E008,P,ANI,success,archive3595(1).tar,3715,R05E008_P_ANI,P05 StateFlux Round05 V4 | edge=R05E008 | LTKBID=LT01680 | compound=Pirprofen | class=dealkylation | role=P | state=ANI | source=existing_xTB | smiles=CC(C(=O)O)c1ccc(N2CC=CC2)c(Cl)c1,True,8,0,-1168.99668276,R05E008_P_ANI,LT01680,Pirprofen,1.0,dealkylation,N-Dealkylation of mixed tertiary amine,-1,2,existing_xTB,17,CC(C(=O)O)c1ccc(N2CC=CC2)c(Cl)c1,output_round05_v4/qchem_inputs/wave_C_anion/R05E008_P_ANI.in,b94fa4034cb452f482fb53b6f8015012b1ed66c5e42a6a80609baefcc331b534
R05E008,P,CAT,success,archive3595(1).tar,3667,R05E008_P_CAT,P05 StateFlux Round05 V4 | edge=R05E008 | LTKBID=LT01680 | compound=Pirprofen | class=dealkylation | role=P | state=CAT | source=existing_xTB | smiles=CC(C(=O)O)c1ccc(N2CC=CC2)c(Cl)c1,True,8,0,-1168.78190105,R05E008_P_CAT,LT01680,Pirprofen,1.0,dealkylation,N-Dealkylation of mixed tertiary amine,1,2,existing_xTB,17,CC(C(=O)O)c1ccc(N2CC=CC2)c(Cl)c1,output_round05_v4/qchem_inputs/wave_B_cation/R05E008_P_CAT.in,24a331be8dad21fdbd743878fbf69678e111c52bd295224c37230f02d561b81e
R05E008,P,N,success,archive3595(1).tar,3610,8p,P05 StateFlux Round05 V4 | edge=R05E008 | LTKBID=LT01680 | compound=Pirprofen | class=dealkylation | role=P | state=N | source=existing_xTB | smiles=CC(C(=O)O)c1ccc(N2CC=CC2)c(Cl)c1,True,8,0,-1168.96948215,R05E008_P_N,LT01680,Pirprofen,1.0,dealkylation,N-Dealkylation of mixed tertiary amine,0,1,existing_xTB,17,CC(C(=O)O)c1ccc(N2CC=CC2)c(Cl)c1,output_round05_v4/qchem_inputs/wave_A_neutral/R05E008_P_N.in,f4a90542d0e7f0f51e647ded3bf096487a9fa6bfd3405f8d8cd6970a52d42649
R05E009,M,ANI,success,archive3595(1).tar,3716,R05E009_M_ANI,P05 StateFlux Round05 V4 | edge=R05E009 | LTKBID=LT02033 | compound=Ximelagatran | class=dealkylation | role=M | state=ANI | source=existing_xTB_R05A | smiles=N/C(=N/O)c1ccc(CNC(=O)[C@@H]2CCN2C(=O)[C@H](N)C2CCCCC2)cc1,True,8,0,-1278.70596223,R05E009_M_ANI,LT02033,Ximelagatran,1.0,dealkylation,N-Dealkylation of acyclic secondary amine,-1,2,existing_xTB_R05A,28,N/C(=N/O)c1ccc(CNC(=O)[C@@H]2CCN2C(=O)[C@H](N)C2CCCCC2)cc1,output_round05_v4/qchem_inputs/wave_C_anion/R05E009_M_ANI.in,534942224187ec75a88491dc7c31ef461ca3cf075cfa9cabf4c4ee0cd4ff2468
R05E009,M,CAT,success,archive3595(1).tar,3668,R05E009_M_CAT,P05 StateFlux Round05 V4 | edge=R05E009 | LTKBID=LT02033 | compound=Ximelagatran | class=dealkylation | role=M | state=CAT | source=existing_xTB_R05A | smiles=N/C(=N/O)c1ccc(CNC(=O)[C@@H]2CCN2C(=O)[C@H](N)C2CCCCC2)cc1,True,8,0,-1278.44766369,R05E009_M_CAT,LT02033,Ximelagatran,1.0,dealkylation,N-Dealkylation of acyclic secondary amine,1,2,existing_xTB_R05A,28,N/C(=N/O)c1ccc(CNC(=O)[C@@H]2CCN2C(=O)[C@H](N)C2CCCCC2)cc1,output_round05_v4/qchem_inputs/wave_B_cation/R05E009_M_CAT.in,9c3233dd64e3e56da6b5e45f9501d3826db4fe62e32e2a37aaa7209e290768ed
R05E009,M,N,success,archive3595(1).tar,3611,9m,P05 StateFlux Round05 V4 | edge=R05E009 | LTKBID=LT02033 | compound=Ximelagatran | class=dealkylation | role=M | state=N | source=existing_xTB_R05A | smiles=N/C(=N/O)c1ccc(CNC(=O)[C@@H]2CCN2C(=O)[C@H](N)C2CCCCC2)cc1,True,8,0,-1278.66559747,R05E009_M_N,LT02033,Ximelagatran,1.0,dealkylation,N-Dealkylation of acyclic secondary amine,0,1,existing_xTB_R05A,28,N/C(=N/O)c1ccc(CNC(=O)[C@@H]2CCN2C(=O)[C@H](N)C2CCCCC2)cc1,output_round05_v4/qchem_inputs/wave_A_neutral/R05E009_M_N.in,e508a2c88d950317179f0cc154b907bbfd9b7ea528d95fbacf2160f7ae77d5f2
R05E009,P,ANI,success,archive3783(1).tar,3783,R05E009_P_ANI_RESCUE3,P05 StateFlux Round05 V4 RESCUE3 | edge=R05E009 | LTKBID=LT02033 | compound=Ximelagatran | class=dealkylation | role=P | state=ANI | source=existing_xTB | smiles=CCOC(=O)CN[C@@H](C(=O)N1CC[C@H]1C(=O)NCc1ccc(/C(N)=N\O)cc1)C1CCCCC1,True,5,3,-1585.1283361,R05E009_P_ANI,LT02033,Ximelagatran,1.0,dealkylation,N-Dealkylation of acyclic secondary amine,-1,2,existing_xTB,34,CCOC(=O)CN[C@@H](C(=O)N1CC[C@H]1C(=O)NCc1ccc(/C(N)=N\O)cc1)C1CCCCC1,output_round05_v4/qchem_inputs/wave_C_anion/R05E009_P_ANI.in,26690d314f75d7402eb738e2931f8ef0881c34a50f80772e2aced6c127e142a5
R05E009,P,CAT,success,archive3595(1).tar,3669,R05E009_P_CAT,P05 StateFlux Round05 V4 | edge=R05E009 | LTKBID=LT02033 | compound=Ximelagatran | class=dealkylation | role=P | state=CAT | source=existing_xTB | smiles=CCOC(=O)CN[C@@H](C(=O)N1CC[C@H]1C(=O)NCc1ccc(/C(N)=N\O)cc1)C1CCCCC1,True,8,0,-1584.86800798,R05E009_P_CAT,LT02033,Ximelagatran,1.0,dealkylation,N-Dealkylation of acyclic secondary amine,1,2,existing_xTB,34,CCOC(=O)CN[C@@H](C(=O)N1CC[C@H]1C(=O)NCc1ccc(/C(N)=N\O)cc1)C1CCCCC1,output_round05_v4/qchem_inputs/wave_B_cation/R05E009_P_CAT.in,fbfc1a6c3bc0024aa0272fe6888a89f037bc7058f90043bb23c04f35df53397d
R05E009,P,N,success,archive3595(1).tar,3612,9p,P05 StateFlux Round05 V4 | edge=R05E009 | LTKBID=LT02033 | compound=Ximelagatran | class=dealkylation | role=P | state=N | source=existing_xTB | smiles=CCOC(=O)CN[C@@H](C(=O)N1CC[C@H]1C(=O)NCc1ccc(/C(N)=N\O)cc1)C1CCCCC1,True,8,0,-1585.08562752,R05E009_P_N,LT02033,Ximelagatran,1.0,dealkylation,N-Dealkylation of acyclic secondary amine,0,1,existing_xTB,34,CCOC(=O)CN[C@@H](C(=O)N1CC[C@H]1C(=O)NCc1ccc(/C(N)=N\O)cc1)C1CCCCC1,output_round05_v4/qchem_inputs/wave_A_neutral/R05E009_P_N.in,a92ed50b4881865970a0a6e13c578e350517d22868e982ad1aaf6457173236c0
R05E010,M,ANI,success,archive3783(1).tar,3784,R05E010_M_ANI_RESCUE3,P05 StateFlux Round05 V4 RESCUE3 | edge=R05E010 | LTKBID=LT03606 | compound=Ribociclib succinate | class=dealkylation | role=M | state=ANI | source=existing_xTB | smiles=CN(C)C(=O)c1cc2cnc(Nc3ccc(NCCNCC=O)cn3)nc2n1C1CCCC1,True,5,3,-1482.64092179,R05E010_M_ANI,LT03606,Ribociclib succinate,1.0,dealkylation,N-Dealkylation of mixed tertiary amine,-1,2,existing_xTB,33,CN(C)C(=O)c1cc2cnc(Nc3ccc(NCCNCC=O)cn3)nc2n1C1CCCC1,output_round05_v4/qchem_inputs/wave_C_anion/R05E010_M_ANI.in,708404771f6b77eb91f3357b265501f8a31cee32a61f0049154cb7f48baaf083
R05E010,M,CAT,success,archive3595(1).tar,3670,R05E010_M_CAT,P05 StateFlux Round05 V4 | edge=R05E010 | LTKBID=LT03606 | compound=Ribociclib succinate | class=dealkylation | role=M | state=CAT | source=existing_xTB | smiles=CN(C)C(=O)c1cc2cnc(Nc3ccc(NCCNCC=O)cn3)nc2n1C1CCCC1,True,8,0,-1482.40793957,R05E010_M_CAT,LT03606,Ribociclib succinate,1.0,dealkylation,N-Dealkylation of mixed tertiary amine,1,2,existing_xTB,33,CN(C)C(=O)c1cc2cnc(Nc3ccc(NCCNCC=O)cn3)nc2n1C1CCCC1,output_round05_v4/qchem_inputs/wave_B_cation/R05E010_M_CAT.in,d73739492eef246238961fb82ab75b21912a2019d064c1cd7cb9c222ba0dfdb6
R05E010,M,N,success,archive3595(1).tar,3613,10m,P05 StateFlux Round05 V4 | edge=R05E010 | LTKBID=LT03606 | compound=Ribociclib succinate | class=dealkylation | role=M | state=N | source=existing_xTB | smiles=CN(C)C(=O)c1cc2cnc(Nc3ccc(NCCNCC=O)cn3)nc2n1C1CCCC1,True,8,0,-1482.58734943,R05E010_M_N,LT03606,Ribociclib succinate,1.0,dealkylation,N-Dealkylation of mixed tertiary amine,0,1,existing_xTB,33,CN(C)C(=O)c1cc2cnc(Nc3ccc(NCCNCC=O)cn3)nc2n1C1CCCC1,output_round05_v4/qchem_inputs/wave_A_neutral/R05E010_M_N.in,532cf83ba87222cdce80affae5fb83e148f9b0973ec701de493b893bb498b4de
R05E010,P,ANI,success,archive3595(1).tar,3719,R05E010_P_ANI,P05 StateFlux Round05 V4 | edge=R05E010 | LTKBID=LT03606 | compound=Ribociclib succinate | class=dealkylation | role=P | state=ANI | source=existing_xTB | smiles=CN(C)C(=O)c1cc2cnc(Nc3ccc(N4CCNCC4)cn3)nc2n1C1CCCC1,True,8,0,-1407.44966686,R05E010_P_ANI,LT03606,Ribociclib succinate,1.0,dealkylation,N-Dealkylation of mixed tertiary amine,-1,2,existing_xTB,32,CN(C)C(=O)c1cc2cnc(Nc3ccc(N4CCNCC4)cn3)nc2n1C1CCCC1,output_round05_v4/qchem_inputs/wave_C_anion/R05E010_P_ANI.in,1b61cb35586f8ea93c54a875be3c413ed03cfaf6d927fe490048415540d5f4a9
R05E010,P,CAT,success,archive3595(1).tar,3671,R05E010_P_CAT,P05 StateFlux Round05 V4 | edge=R05E010 | LTKBID=LT03606 | compound=Ribociclib succinate | class=dealkylation | role=P | state=CAT | source=existing_xTB | smiles=CN(C)C(=O)c1cc2cnc(Nc3ccc(N4CCNCC4)cn3)nc2n1C1CCCC1,True,8,0,-1407.20953084,R05E010_P_CAT,LT03606,Ribociclib succinate,1.0,dealkylation,N-Dealkylation of mixed tertiary amine,1,2,existing_xTB,32,CN(C)C(=O)c1cc2cnc(Nc3ccc(N4CCNCC4)cn3)nc2n1C1CCCC1,output_round05_v4/qchem_inputs/wave_B_cation/R05E010_P_CAT.in,d6b059543cf30417ab1f891670f9f451567f993396dd4d4f856c45d78435f86d
R05E010,P,N,success,archive3595(1).tar,3615,10pn,P05 StateFlux Round05 V4 | edge=R05E010 | LTKBID=LT03606 | compound=Ribociclib succinate | class=dealkylation | role=P | state=N | source=existing_xTB | smiles=CN(C)C(=O)c1cc2cnc(Nc3ccc(N4CCNCC4)cn3)nc2n1C1CCCC1,True,8,0,-1407.39175963,R05E010_P_N,LT03606,Ribociclib succinate,1.0,dealkylation,N-Dealkylation of mixed tertiary amine,0,1,existing_xTB,32,CN(C)C(=O)c1cc2cnc(Nc3ccc(N4CCNCC4)cn3)nc2n1C1CCCC1,output_round05_v4/qchem_inputs/wave_A_neutral/R05E010_P_N.in,ff140acbda723908f84a92b547dfe63d1ca6a90539621b3e97c06037603980b3
R05E011,M,ANI,success,archive3595(1).tar,3720,R05E011_M_ANI,P05 StateFlux Round05 V4 | edge=R05E011 | LTKBID=LT00944 | compound=Fenoldopam mesylate | class=oxidation | role=M | state=ANI | source=existing_xTB | smiles=Oc1ccc(C2CNCCc3c(Cl)c(O)c(O)c(O)c32)cc1,True,8,0,-1434.89656793,R05E011_M_ANI,LT00944,Fenoldopam mesylate,0.0,oxidation,Hydroxylation of aromatic carbon para to halide group,-1,2,existing_xTB,22,Oc1ccc(C2CNCCc3c(Cl)c(O)c(O)c(O)c32)cc1,output_round05_v4/qchem_inputs/wave_C_anion/R05E011_M_ANI.in,be711fdfdd4abb6dd12dfc70451f1fefcc088ff7bd271dfcd23451f9a153672e
R05E011,M,CAT,success,archive3595(1).tar,3672,R05E011_M_CAT,P05 StateFlux Round05 V4 | edge=R05E011 | LTKBID=LT00944 | compound=Fenoldopam mesylate | class=oxidation | role=M | state=CAT | source=existing_xTB | smiles=Oc1ccc(C2CNCCc3c(Cl)c(O)c(O)c(O)c32)cc1,True,8,0,-1434.65866129,R05E011_M_CAT,LT00944,Fenoldopam mesylate,0.0,oxidation,Hydroxylation of aromatic carbon para to halide group,1,2,existing_xTB,22,Oc1ccc(C2CNCCc3c(Cl)c(O)c(O)c(O)c32)cc1,output_round05_v4/qchem_inputs/wave_B_cation/R05E011_M_CAT.in,444824e7e53298ead216f674388acadf3069be715824f636bf510455063b7579
R05E011,M,N,success,archive3595(1).tar,3616,R05E011_M_N,P05 StateFlux Round05 V4 | edge=R05E011 | LTKBID=LT00944 | compound=Fenoldopam mesylate | class=oxidation | role=M | state=N | source=existing_xTB | smiles=Oc1ccc(C2CNCCc3c(Cl)c(O)c(O)c(O)c32)cc1,True,8,0,-1434.87396227,R05E011_M_N,LT00944,Fenoldopam mesylate,0.0,oxidation,Hydroxylation of aromatic carbon para to halide group,0,1,existing_xTB,22,Oc1ccc(C2CNCCc3c(Cl)c(O)c(O)c(O)c32)cc1,output_round05_v4/qchem_inputs/wave_A_neutral/R05E011_M_N.in,992e0c8eac86fab41e8b7ff5f201f69a6d0d748889bae653160d6211c8b1bf1b
R05E011,P,ANI,success,archive3595(1).tar,3721,R05E011_P_ANI,P05 StateFlux Round05 V4 | edge=R05E011 | LTKBID=LT00944 | compound=Fenoldopam mesylate | class=oxidation | role=P | state=ANI | source=existing_xTB | smiles=Oc1ccc(C2CNCCc3c2cc(O)c(O)c3Cl)cc1,True,8,0,-1359.69914512,R05E011_P_ANI,LT00944,Fenoldopam mesylate,0.0,oxidation,Hydroxylation of aromatic carbon para to halide group,-1,2,existing_xTB,21,Oc1ccc(C2CNCCc3c2cc(O)c(O)c3Cl)cc1,output_round05_v4/qchem_inputs/wave_C_anion/R05E011_P_ANI.in,b27bba49937688a8f5d4a994d09d6281dbc228f97968997f5f3a8263d245b388
R05E011,P,CAT,success,archive3595(1).tar,3673,R05E011_P_CAT,P05 StateFlux Round05 V4 | edge=R05E011 | LTKBID=LT00944 | compound=Fenoldopam mesylate | class=oxidation | role=P | state=CAT | source=existing_xTB | smiles=Oc1ccc(C2CNCCc3c2cc(O)c(O)c3Cl)cc1,True,8,0,-1359.46171345,R05E011_P_CAT,LT00944,Fenoldopam mesylate,0.0,oxidation,Hydroxylation of aromatic carbon para to halide group,1,2,existing_xTB,21,Oc1ccc(C2CNCCc3c2cc(O)c(O)c3Cl)cc1,output_round05_v4/qchem_inputs/wave_B_cation/R05E011_P_CAT.in,45107eed471d8173ce7dc267c5653676b570db7e3a7f6e931f4e39946a6e8ca6
R05E011,P,N,success,archive3595(1).tar,3617,R05E011_P_N,P05 StateFlux Round05 V4 | edge=R05E011 | LTKBID=LT00944 | compound=Fenoldopam mesylate | class=oxidation | role=P | state=N | source=existing_xTB | smiles=Oc1ccc(C2CNCCc3c2cc(O)c(O)c3Cl)cc1,True,8,0,-1359.6754978,R05E011_P_N,LT00944,Fenoldopam mesylate,0.0,oxidation,Hydroxylation of aromatic carbon para to halide group,0,1,existing_xTB,21,Oc1ccc(C2CNCCc3c2cc(O)c(O)c3Cl)cc1,output_round05_v4/qchem_inputs/wave_A_neutral/R05E011_P_N.in,e06fffa299083f2cfbf59a00a5ef2f3b8dc8d598f554a7c7cf3e9828a6bd06f7
R05E012,M,ANI,success,archive3595(1).tar,3722,R05E012_M_ANI,P05 StateFlux Round05 V4 | edge=R05E012 | LTKBID=LT03643 | compound=Brivaracetam | class=oxidation | role=M | state=ANI | source=existing_xTB | smiles=C=C[C@@H](C(N)=O)N1C[C@H](CCC)CC1=O,True,8,0,-689.8310723,R05E012_M_ANI,LT03643,Brivaracetam,0.0,oxidation,Terminal desaturation,-1,2,existing_xTB,15,C=C[C@@H](C(N)=O)N1C[C@H](CCC)CC1=O,output_round05_v4/qchem_inputs/wave_C_anion/R05E012_M_ANI.in,f80408976ed7c59ed886a1f0d16ba2cd67f03815b58558fc2691eaf8bbbbfb44
R05E012,M,CAT,success,archive3595(1).tar,3674,R05E012_M_CAT,P05 StateFlux Round05 V4 | edge=R05E012 | LTKBID=LT03643 | compound=Brivaracetam | class=oxidation | role=M | state=CAT | source=existing_xTB | smiles=C=C[C@@H](C(N)=O)N1C[C@H](CCC)CC1=O,True,8,0,-689.55419542,R05E012_M_CAT,LT03643,Brivaracetam,0.0,oxidation,Terminal desaturation,1,2,existing_xTB,15,C=C[C@@H](C(N)=O)N1C[C@H](CCC)CC1=O,output_round05_v4/qchem_inputs/wave_B_cation/R05E012_M_CAT.in,0bf694f50d5346a81192118e1127d5a644d6b3ba511a19652e0db2426371111e
R05E012,M,N,success,archive3595(1).tar,3618,R05E012_M_N,P05 StateFlux Round05 V4 | edge=R05E012 | LTKBID=LT03643 | compound=Brivaracetam | class=oxidation | role=M | state=N | source=existing_xTB | smiles=C=C[C@@H](C(N)=O)N1C[C@H](CCC)CC1=O,True,8,0,-689.80768411,R05E012_M_N,LT03643,Brivaracetam,0.0,oxidation,Terminal desaturation,0,1,existing_xTB,15,C=C[C@@H](C(N)=O)N1C[C@H](CCC)CC1=O,output_round05_v4/qchem_inputs/wave_A_neutral/R05E012_M_N.in,098a7bfab812bc14503c37f8c46c7723c7dd6c17d3d0bc9114e0a8c1e6c2f75e
R05E012,P,ANI,success,archive3595(1).tar,3723,R05E012_P_ANI,P05 StateFlux Round05 V4 | edge=R05E012 | LTKBID=LT03643 | compound=Brivaracetam | class=oxidation | role=P | state=ANI | source=existing_xTB | smiles=CCC[C@@H]1CC(=O)N([C@@H](CC)C(N)=O)C1,True,8,0,-691.06000088,R05E012_P_ANI,LT03643,Brivaracetam,0.0,oxidation,Terminal desaturation,-1,2,existing_xTB,15,CCC[C@@H]1CC(=O)N([C@@H](CC)C(N)=O)C1,output_round05_v4/qchem_inputs/wave_C_anion/R05E012_P_ANI.in,db4ed079d6bde7d8cd8f4a7aec4d764428bcb5011a758a3437f80155225f7fb3
R05E012,P,CAT,success,archive3595(1).tar,3675,R05E012_P_CAT,P05 StateFlux Round05 V4 | edge=R05E012 | LTKBID=LT03643 | compound=Brivaracetam | class=oxidation | role=P | state=CAT | source=existing_xTB | smiles=CCC[C@@H]1CC(=O)N([C@@H](CC)C(N)=O)C1,True,8,0,-690.8051408,R05E012_P_CAT,LT03643,Brivaracetam,0.0,oxidation,Terminal desaturation,1,2,existing_xTB,15,CCC[C@@H]1CC(=O)N([C@@H](CC)C(N)=O)C1,output_round05_v4/qchem_inputs/wave_B_cation/R05E012_P_CAT.in,3fab31143b8bb1e214816401c702da128bb58ac29fc0dc0e9c466161cfdbdcda
R05E012,P,N,success,archive3595(1).tar,3619,R05E012_P_N,P05 StateFlux Round05 V4 | edge=R05E012 | LTKBID=LT03643 | compound=Brivaracetam | class=oxidation | role=P | state=N | source=existing_xTB | smiles=CCC[C@@H]1CC(=O)N([C@@H](CC)C(N)=O)C1,True,8,0,-691.05312115,R05E012_P_N,LT03643,Brivaracetam,0.0,oxidation,Terminal desaturation,0,1,existing_xTB,15,CCC[C@@H]1CC(=O)N([C@@H](CC)C(N)=O)C1,output_round05_v4/qchem_inputs/wave_A_neutral/R05E012_P_N.in,4a02b4fc83031b9b21b1c3ca385f9574e2fc78cec6f7985352f8ef2b405040b9
R05E013,M,ANI,success,archive3595(1).tar,3724,R05E013_M_ANI,P05 StateFlux Round05 V4 | edge=R05E013 | LTKBID=LT03770 | compound=Tecovirimat | class=oxidation | role=M | state=ANI | source=existing_xTB | smiles=O=C(NN1C(=O)[C@@H]2[C@@H]3C=C[C@@H]([C@H]4C[C@@H]34)[C@@H]2C1=O)C1=CC=C(C(F)(F)F)C2OC12,True,8,0,-1442.6180738,R05E013_M_ANI,LT03770,Tecovirimat,0.0,oxidation,Epoxidation of arene,-1,2,existing_xTB,28,O=C(NN1C(=O)[C@@H]2[C@@H]3C=C[C@@H]([C@H]4C[C@@H]34)[C@@H]2C1=O)C1=CC=C(C(F)(F)F)C2OC12,output_round05_v4/qchem_inputs/wave_C_anion/R05E013_M_ANI.in,d3d7f19c3e3191efdd1c2d48f18056e2fb5b3ed6fd9ded07c70688f247ad196b
R05E013,M,CAT,success,archive3595(1).tar,3676,R05E013_M_CAT,P05 StateFlux Round05 V4 | edge=R05E013 | LTKBID=LT03770 | compound=Tecovirimat | class=oxidation | role=M | state=CAT | source=existing_xTB | smiles=O=C(NN1C(=O)[C@@H]2[C@@H]3C=C[C@@H]([C@H]4C[C@@H]34)[C@@H]2C1=O)C1=CC=C(C(F)(F)F)C2OC12,True,8,0,-1442.25127231,R05E013_M_CAT,LT03770,Tecovirimat,0.0,oxidation,Epoxidation of arene,1,2,existing_xTB,28,O=C(NN1C(=O)[C@@H]2[C@@H]3C=C[C@@H]([C@H]4C[C@@H]34)[C@@H]2C1=O)C1=CC=C(C(F)(F)F)C2OC12,output_round05_v4/qchem_inputs/wave_B_cation/R05E013_M_CAT.in,fbae56b72c6c6c064dcf22af0bf91df45be7f0de151407e127e489f05cad878f
R05E013,M,N,success,archive3595(1).tar,3620,R05E013_M_N,P05 StateFlux Round05 V4 | edge=R05E013 | LTKBID=LT03770 | compound=Tecovirimat | class=oxidation | role=M | state=N | source=existing_xTB | smiles=O=C(NN1C(=O)[C@@H]2[C@@H]3C=C[C@@H]([C@H]4C[C@@H]34)[C@@H]2C1=O)C1=CC=C(C(F)(F)F)C2OC12,True,8,0,-1442.51379427,R05E013_M_N,LT03770,Tecovirimat,0.0,oxidation,Epoxidation of arene,0,1,existing_xTB,28,O=C(NN1C(=O)[C@@H]2[C@@H]3C=C[C@@H]([C@H]4C[C@@H]34)[C@@H]2C1=O)C1=CC=C(C(F)(F)F)C2OC12,output_round05_v4/qchem_inputs/wave_A_neutral/R05E013_M_N.in,a936d4be358411092da65be4bfe8bf419cb64cf3f118bd3f5c478ffb5c49bd45
R05E013,P,ANI,success,archive3595(1).tar,3725,R05E013_P_ANI,P05 StateFlux Round05 V4 | edge=R05E013 | LTKBID=LT03770 | compound=Tecovirimat | class=oxidation | role=P | state=ANI | source=existing_xTB | smiles=O=C(NN1C(=O)[C@@H]2[C@@H]3C=C[C@@H]([C@H]4C[C@@H]34)[C@@H]2C1=O)c1ccc(C(F)(F)F)cc1,True,8,0,-1367.45056698,R05E013_P_ANI,LT03770,Tecovirimat,0.0,oxidation,Epoxidation of arene,-1,2,existing_xTB,27,O=C(NN1C(=O)[C@@H]2[C@@H]3C=C[C@@H]([C@H]4C[C@@H]34)[C@@H]2C1=O)c1ccc(C(F)(F)F)cc1,output_round05_v4/qchem_inputs/wave_C_anion/R05E013_P_ANI.in,0b900ba15f24649878c79563438ca1a6b490c06f6111b36011f47a5f4c8118a3
R05E013,P,CAT,success,archive3595(1).tar,3677,R05E013_P_CAT,P05 StateFlux Round05 V4 | edge=R05E013 | LTKBID=LT03770 | compound=Tecovirimat | class=oxidation | role=P | state=CAT | source=existing_xTB | smiles=O=C(NN1C(=O)[C@@H]2[C@@H]3C=C[C@@H]([C@H]4C[C@@H]34)[C@@H]2C1=O)c1ccc(C(F)(F)F)cc1,True,8,0,-1367.12150577,R05E013_P_CAT,LT03770,Tecovirimat,0.0,oxidation,Epoxidation of arene,1,2,existing_xTB,27,O=C(NN1C(=O)[C@@H]2[C@@H]3C=C[C@@H]([C@H]4C[C@@H]34)[C@@H]2C1=O)c1ccc(C(F)(F)F)cc1,output_round05_v4/qchem_inputs/wave_B_cation/R05E013_P_CAT.in,90016dbd998373ba528c90d27fc648cc115709a288a592846d68701ec1eb2b12
R05E013,P,N,success,archive3595(1).tar,3621,R05E013_P_N,P05 StateFlux Round05 V4 | edge=R05E013 | LTKBID=LT03770 | compound=Tecovirimat | class=oxidation | role=P | state=N | source=existing_xTB | smiles=O=C(NN1C(=O)[C@@H]2[C@@H]3C=C[C@@H]([C@H]4C[C@@H]34)[C@@H]2C1=O)c1ccc(C(F)(F)F)cc1,True,8,0,-1367.37765167,R05E013_P_N,LT03770,Tecovirimat,0.0,oxidation,Epoxidation of arene,0,1,existing_xTB,27,O=C(NN1C(=O)[C@@H]2[C@@H]3C=C[C@@H]([C@H]4C[C@@H]34)[C@@H]2C1=O)c1ccc(C(F)(F)F)cc1,output_round05_v4/qchem_inputs/wave_A_neutral/R05E013_P_N.in,b4d2ccd4d70cab06f190d6a8aef3ff913bffa12308cd898e60b0e407452a1794
R05E014,M,ANI,success,archive3595(1).tar,3726,R05E014_M_ANI,P05 StateFlux Round05 V4 | edge=R05E014 | LTKBID=LT00004 | compound=Acetaminophen | class=oxidation | role=M | state=ANI | source=existing_xTB | smiles=CC(=O)N=C1C=CC(=O)C=C1,True,8,0,-514.2199126,R05E014_M_ANI,LT00004,Acetaminophen,1.0,oxidation,Oxidation of p-substituted anilide,-1,2,existing_xTB,11,CC(=O)N=C1C=CC(=O)C=C1,output_round05_v4/qchem_inputs/wave_C_anion/R05E014_M_ANI.in,51193ceee4dceb58e8223a91dcf34b8fa2dcbcce6d9df890e23314af11f833f5
R05E014,M,CAT,success,archive3595(1).tar,3678,R05E014_M_CAT,P05 StateFlux Round05 V4 | edge=R05E014 | LTKBID=LT00004 | compound=Acetaminophen | class=oxidation | role=M | state=CAT | source=existing_xTB | smiles=CC(=O)N=C1C=CC(=O)C=C1,True,8,0,-513.80720387,R05E014_M_CAT,LT00004,Acetaminophen,1.0,oxidation,Oxidation of p-substituted anilide,1,2,existing_xTB,11,CC(=O)N=C1C=CC(=O)C=C1,output_round05_v4/qchem_inputs/wave_B_cation/R05E014_M_CAT.in,13a06243e5e0abf52a8d0e5e7b2a38a0ddd212d28645885d011c9dc6a5570d0f
R05E014,M,N,success,archive3595(1).tar,3622,R05E014_M_N,P05 StateFlux Round05 V4 | edge=R05E014 | LTKBID=LT00004 | compound=Acetaminophen | class=oxidation | role=M | state=N | source=existing_xTB | smiles=CC(=O)N=C1C=CC(=O)C=C1,True,8,0,-514.07923187,R05E014_M_N,LT00004,Acetaminophen,1.0,oxidation,Oxidation of p-substituted anilide,0,1,existing_xTB,11,CC(=O)N=C1C=CC(=O)C=C1,output_round05_v4/qchem_inputs/wave_A_neutral/R05E014_M_N.in,44777cf55a89ab8deec4d95c244e9f21e02e346af379660f480aa5691cf50342
R05E014,P,ANI,success,archive3595(1).tar,3727,R05E014_P_ANI,P05 StateFlux Round05 V4 | edge=R05E014 | LTKBID=LT00004 | compound=Acetaminophen | class=oxidation | role=P | state=ANI | source=existing_xTB | smiles=CC(=O)Nc1ccc(O)cc1,True,8,0,-515.37376252,R05E014_P_ANI,LT00004,Acetaminophen,1.0,oxidation,Oxidation of p-substituted anilide,-1,2,existing_xTB,11,CC(=O)Nc1ccc(O)cc1,output_round05_v4/qchem_inputs/wave_C_anion/R05E014_P_ANI.in,2a880cf82e858028b274884789c24c66f3a0587cf6bf9a6fe9ef7d6dbb24b069
R05E014,P,CAT,success,archive3595(1).tar,3679,R05E014_P_CAT,P05 StateFlux Round05 V4 | edge=R05E014 | LTKBID=LT00004 | compound=Acetaminophen | class=oxidation | role=P | state=CAT | source=existing_xTB | smiles=CC(=O)Nc1ccc(O)cc1,True,8,0,-515.13831287,R05E014_P_CAT,LT00004,Acetaminophen,1.0,oxidation,Oxidation of p-substituted anilide,1,2,existing_xTB,11,CC(=O)Nc1ccc(O)cc1,output_round05_v4/qchem_inputs/wave_B_cation/R05E014_P_CAT.in,68c232fadf9f60ae51790ac1dfcc78b3e0168f460ec279ad83ada19356cc6352
R05E014,P,N,success,archive3595(1).tar,3623,R05E014_P_N,P05 StateFlux Round05 V4 | edge=R05E014 | LTKBID=LT00004 | compound=Acetaminophen | class=oxidation | role=P | state=N | source=existing_xTB | smiles=CC(=O)Nc1ccc(O)cc1,True,8,0,-515.34730421,R05E014_P_N,LT00004,Acetaminophen,1.0,oxidation,Oxidation of p-substituted anilide,0,1,existing_xTB,11,CC(=O)Nc1ccc(O)cc1,output_round05_v4/qchem_inputs/wave_A_neutral/R05E014_P_N.in,effcc014dc724d116ba5c7934f2ed38a563c64f5d655bb97a52b8f278afbdef7
R05E015,M,ANI,success,archive3595(1).tar,3728,R05E015_M_ANI,P05 StateFlux Round05 V4 | edge=R05E015 | LTKBID=LT00160 | compound=Valproic acid | class=oxidation | role=M | state=ANI | source=existing_xTB | smiles=CCCC(CC(C)O)C(=O)O,True,8,0,-540.05304454,R05E015_M_ANI,LT00160,Valproic acid,1.0,oxidation,Hydroxylation of penultimate aliphatic secondary carbon,-1,2,existing_xTB,11,CCCC(CC(C)O)C(=O)O,output_round05_v4/qchem_inputs/wave_C_anion/R05E015_M_ANI.in,ee55669816d69a4beedab5beb03a01726330ebfa90fe75a65051bbc2b156c928
R05E015,M,CAT,success,archive3595(1).tar,3680,R05E015_M_CAT,P05 StateFlux Round05 V4 | edge=R05E015 | LTKBID=LT00160 | compound=Valproic acid | class=oxidation | role=M | state=CAT | source=existing_xTB | smiles=CCCC(CC(C)O)C(=O)O,True,8,0,-539.77339385,R05E015_M_CAT,LT00160,Valproic acid,1.0,oxidation,Hydroxylation of penultimate aliphatic secondary carbon,1,2,existing_xTB,11,CCCC(CC(C)O)C(=O)O,output_round05_v4/qchem_inputs/wave_B_cation/R05E015_M_CAT.in,34dc631a7d3029b80647dd69ea1db329c02321bed6e4accd3591b8528ea0ad88
R05E015,M,N,success,archive3595(1).tar,3624,R05E015_M_N,P05 StateFlux Round05 V4 | edge=R05E015 | LTKBID=LT00160 | compound=Valproic acid | class=oxidation | role=M | state=N | source=existing_xTB | smiles=CCCC(CC(C)O)C(=O)O,True,8,0,-540.0479953,R05E015_M_N,LT00160,Valproic acid,1.0,oxidation,Hydroxylation of penultimate aliphatic secondary carbon,0,1,existing_xTB,11,CCCC(CC(C)O)C(=O)O,output_round05_v4/qchem_inputs/wave_A_neutral/R05E015_M_N.in,14c7f82934304e6767d9b462056f2e3238d8ec4674cae7617d8a67a2178e9bc1
R05E015,P,ANI,success,archive3595(1).tar,3729,R05E015_P_ANI,P05 StateFlux Round05 V4 | edge=R05E015 | LTKBID=LT00160 | compound=Valproic acid | class=oxidation | role=P | state=ANI | source=existing_xTB | smiles=CCCC(CCC)C(=O)O,True,8,0,-464.8564735,R05E015_P_ANI,LT00160,Valproic acid,1.0,oxidation,Hydroxylation of penultimate aliphatic secondary carbon,-1,2,existing_xTB,10,CCCC(CCC)C(=O)O,output_round05_v4/qchem_inputs/wave_C_anion/R05E015_P_ANI.in,514f4f1704dd0c5fe839d88ea861390f48845ef1b8304572988eae7f5f9a6787
R05E015,P,CAT,success,archive3595(1).tar,3681,R05E015_P_CAT,P05 StateFlux Round05 V4 | edge=R05E015 | LTKBID=LT00160 | compound=Valproic acid | class=oxidation | role=P | state=CAT | source=existing_xTB | smiles=CCCC(CCC)C(=O)O,True,8,0,-464.5579775,R05E015_P_CAT,LT00160,Valproic acid,1.0,oxidation,Hydroxylation of penultimate aliphatic secondary carbon,1,2,existing_xTB,10,CCCC(CCC)C(=O)O,output_round05_v4/qchem_inputs/wave_B_cation/R05E015_P_CAT.in,17ef3d5d89401cbd052373c5fda362ce5d793d587a10e90021860c79c40ec098
R05E015,P,N,success,archive3595(1).tar,3625,R05E015_P_N,P05 StateFlux Round05 V4 | edge=R05E015 | LTKBID=LT00160 | compound=Valproic acid | class=oxidation | role=P | state=N | source=existing_xTB | smiles=CCCC(CCC)C(=O)O,True,8,0,-464.84591232,R05E015_P_N,LT00160,Valproic acid,1.0,oxidation,Hydroxylation of penultimate aliphatic secondary carbon,0,1,existing_xTB,10,CCCC(CCC)C(=O)O,output_round05_v4/qchem_inputs/wave_A_neutral/R05E015_P_N.in,bbaadc067eea363b78bbb507684e25d4266808320468ea3692109af656fc95da
R05E016,M,ANI,success,archive3595(1).tar,3730,R05E016_M_ANI,P05 StateFlux Round05 V4 | edge=R05E016 | LTKBID=LT00696 | compound=Isaxonine | class=oxidation | role=M | state=ANI | source=existing_xTB | smiles=CC(CO)Nc1ncccn1,True,8,0,-512.76613685,R05E016_M_ANI,LT00696,Isaxonine,1.0,oxidation,Hydroxylation of terminal methyl,-1,2,existing_xTB,11,CC(CO)Nc1ncccn1,output_round05_v4/qchem_inputs/wave_C_anion/R05E016_M_ANI.in,d7f78df95c8212263c4c2c3ccb61107d72a3ce99411f78e48ae8ddc546c97f50
R05E016,M,CAT,success,archive3595(1).tar,3682,R05E016_M_CAT,P05 StateFlux Round05 V4 | edge=R05E016 | LTKBID=LT00696 | compound=Isaxonine | class=oxidation | role=M | state=CAT | source=existing_xTB | smiles=CC(CO)Nc1ncccn1,True,8,0,-512.49138167,R05E016_M_CAT,LT00696,Isaxonine,1.0,oxidation,Hydroxylation of terminal methyl,1,2,existing_xTB,11,CC(CO)Nc1ncccn1,output_round05_v4/qchem_inputs/wave_B_cation/R05E016_M_CAT.in,e853a6df09033eb0912afef6b77646fe1b68d4d37e5bff6bb5ca6ea85a0b4a8f
R05E016,M,N,success,archive3595(1).tar,3626,R05E016_M_N,P05 StateFlux Round05 V4 | edge=R05E016 | LTKBID=LT00696 | compound=Isaxonine | class=oxidation | role=M | state=N | source=existing_xTB | smiles=CC(CO)Nc1ncccn1,True,8,0,-512.71302352,R05E016_M_N,LT00696,Isaxonine,1.0,oxidation,Hydroxylation of terminal methyl,0,1,existing_xTB,11,CC(CO)Nc1ncccn1,output_round05_v4/qchem_inputs/wave_A_neutral/R05E016_M_N.in,8e28be683bef287b029a02a21f72e4f43b6a84191866386002b50574af543fda
R05E016,P,ANI,success,archive3595(1).tar,3731,R05E016_P_ANI,P05 StateFlux Round05 V4 | edge=R05E016 | LTKBID=LT00696 | compound=Isaxonine | class=oxidation | role=P | state=ANI | source=existing_xTB | smiles=CC(C)Nc1ncccn1,True,8,0,-437.561057,R05E016_P_ANI,LT00696,Isaxonine,1.0,oxidation,Hydroxylation of terminal methyl,-1,2,existing_xTB,10,CC(C)Nc1ncccn1,output_round05_v4/qchem_inputs/wave_C_anion/R05E016_P_ANI.in,31c112a0fbccc96d77047fb3f6baba1ecacf37a4ce172f69075388eef7ba1d89
R05E016,P,CAT,success,archive3595(1).tar,3683,R05E016_P_CAT,P05 StateFlux Round05 V4 | edge=R05E016 | LTKBID=LT00696 | compound=Isaxonine | class=oxidation | role=P | state=CAT | source=existing_xTB | smiles=CC(C)Nc1ncccn1,True,8,0,-437.29668809,R05E016_P_CAT,LT00696,Isaxonine,1.0,oxidation,Hydroxylation of terminal methyl,1,2,existing_xTB,10,CC(C)Nc1ncccn1,output_round05_v4/qchem_inputs/wave_B_cation/R05E016_P_CAT.in,56fad0be1a928e53cde8fded43883466a455dc03be1401e213badc659802a006
R05E016,P,N,success,archive3595(1).tar,3627,R05E016_P_N,P05 StateFlux Round05 V4 | edge=R05E016 | LTKBID=LT00696 | compound=Isaxonine | class=oxidation | role=P | state=N | source=existing_xTB | smiles=CC(C)Nc1ncccn1,True,8,0,-437.51297109,R05E016_P_N,LT00696,Isaxonine,1.0,oxidation,Hydroxylation of terminal methyl,0,1,existing_xTB,10,CC(C)Nc1ncccn1,output_round05_v4/qchem_inputs/wave_A_neutral/R05E016_P_N.in,d81b2c9eabcaf20dfbfda56aecc944827150bd5a0a03c86b8b0c30773174e0a5
R05E017,M,ANI,success,archive3595(1).tar,3732,R05E017_M_ANI,P05 StateFlux Round05 V4 | edge=R05E017 | LTKBID=LT00024 | compound=Mannitol | class=phaseII_conjugation | role=M | state=ANI | source=existing_xTB | smiles=O=C(O)C1OC(OC[C@@H](O)[C@@H](O)[C@H](O)[C@H](O)CO)C(O)C(O)C1O,True,8,0,-1372.86803592,R05E017_M_ANI,LT00024,Mannitol,0.0,phaseII_conjugation,Alkyl-OH-glucuronidation,-1,2,existing_xTB,24,O=C(O)C1OC(OC[C@@H](O)[C@@H](O)[C@H](O)[C@H](O)CO)C(O)C(O)C1O,output_round05_v4/qchem_inputs/wave_C_anion/R05E017_M_ANI.in,9fac0e12926ba1affc326d3f39f7dda64afaae43de7eacb7328a5f0862263a95
R05E017,M,CAT,success,archive3595(1).tar,3684,R05E017_M_CAT,P05 StateFlux Round05 V4 | edge=R05E017 | LTKBID=LT00024 | compound=Mannitol | class=phaseII_conjugation | role=M | state=CAT | source=existing_xTB | smiles=O=C(O)C1OC(OC[C@@H](O)[C@@H](O)[C@H](O)[C@H](O)CO)C(O)C(O)C1O,True,8,0,-1372.58052625,R05E017_M_CAT,LT00024,Mannitol,0.0,phaseII_conjugation,Alkyl-OH-glucuronidation,1,2,existing_xTB,24,O=C(O)C1OC(OC[C@@H](O)[C@@H](O)[C@H](O)[C@H](O)CO)C(O)C(O)C1O,output_round05_v4/qchem_inputs/wave_B_cation/R05E017_M_CAT.in,14173e80592f0ba7392bc29019cda7d0d5860cad4f2566342dda186839766410
R05E017,M,N,success,archive3595(1).tar,3628,R05E017_M_N,P05 StateFlux Round05 V4 | edge=R05E017 | LTKBID=LT00024 | compound=Mannitol | class=phaseII_conjugation | role=M | state=N | source=existing_xTB | smiles=O=C(O)C1OC(OC[C@@H](O)[C@@H](O)[C@H](O)[C@H](O)CO)C(O)C(O)C1O,True,8,0,-1372.84763834,R05E017_M_N,LT00024,Mannitol,0.0,phaseII_conjugation,Alkyl-OH-glucuronidation,0,1,existing_xTB,24,O=C(O)C1OC(OC[C@@H](O)[C@@H](O)[C@H](O)[C@H](O)CO)C(O)C(O)C1O,output_round05_v4/qchem_inputs/wave_A_neutral/R05E017_M_N.in,1341638a022b08723cbe719f40aa5e4885eb2c6e02a9e7018802c8f97a9393d5
R05E017,P,ANI,success,archive3595(1).tar,3733,R05E017_P_ANI,P05 StateFlux Round05 V4 | edge=R05E017 | LTKBID=LT00024 | compound=Mannitol | class=phaseII_conjugation | role=P | state=ANI | source=existing_xTB | smiles=OC[C@@H](O)[C@@H](O)[C@H](O)[C@H](O)CO,True,8,0,-688.21675216,R05E017_P_ANI,LT00024,Mannitol,0.0,phaseII_conjugation,Alkyl-OH-glucuronidation,-1,2,existing_xTB,12,OC[C@@H](O)[C@@H](O)[C@H](O)[C@H](O)CO,output_round05_v4/qchem_inputs/wave_C_anion/R05E017_P_ANI.in,91e942b958f35e8d48811d0ed2d6d758dc5de89291516d3b19007168eeb56db3
R05E017,P,CAT,success,archive3595(1).tar,3685,R05E017_P_CAT,P05 StateFlux Round05 V4 | edge=R05E017 | LTKBID=LT00024 | compound=Mannitol | class=phaseII_conjugation | role=P | state=CAT | source=existing_xTB | smiles=OC[C@@H](O)[C@@H](O)[C@H](O)[C@H](O)CO,True,8,0,-687.95445328,R05E017_P_CAT,LT00024,Mannitol,0.0,phaseII_conjugation,Alkyl-OH-glucuronidation,1,2,existing_xTB,12,OC[C@@H](O)[C@@H](O)[C@H](O)[C@H](O)CO,output_round05_v4/qchem_inputs/wave_B_cation/R05E017_P_CAT.in,35704d62ba4413b2935f96530e5df3dc14b3bef64c215e50d50adb93ee85f308
R05E017,P,N,success,archive3595(1).tar,3629,R05E017_P_N,P05 StateFlux Round05 V4 | edge=R05E017 | LTKBID=LT00024 | compound=Mannitol | class=phaseII_conjugation | role=P | state=N | source=existing_xTB | smiles=OC[C@@H](O)[C@@H](O)[C@H](O)[C@H](O)CO,True,8,0,-688.21503969,R05E017_P_N,LT00024,Mannitol,0.0,phaseII_conjugation,Alkyl-OH-glucuronidation,0,1,existing_xTB,12,OC[C@@H](O)[C@@H](O)[C@H](O)[C@H](O)CO,output_round05_v4/qchem_inputs/wave_A_neutral/R05E017_P_N.in,40aa64df9e2e2763270fa01a1a7136ef33678aa1cf1c4cb1f1f353cb2e9c6849
R05E018,M,ANI,success,archive3757 (1).tar,3781,R05E018_M_ANI_RESCUE2,P05 StateFlux Round05 V4 RESCUE2 | edge=R05E018 | LTKBID=LT01262 | compound=Sapropterin dihydrochloride | class=phaseII_conjugation | role=M | state=ANI | source=existing_xTB | smiles=C[C@H](O)[C@H](OC1OC(C(=O)O)C(O)C(O)C1O)[C@H]1CNc2nc(N)[nH]c(=O)c2N1,True,7,2,-1535.89952311,R05E018_M_ANI,LT01262,Sapropterin dihydrochloride,0.0,phaseII_conjugation,Alkyl-OH-glucuronidation,-1,2,existing_xTB,29,C[C@H](O)[C@H](OC1OC(C(=O)O)C(O)C(O)C1O)[C@H]1CNc2nc(N)[nH]c(=O)c2N1,output_round05_v4/qchem_inputs/wave_C_anion/R05E018_M_ANI.in,201f910740a474d12e7fb42599df1de181343458a3a45bedeb133b9273125bdd
R05E018,M,CAT,success,archive3595(1).tar,3686,R05E018_M_CAT,P05 StateFlux Round05 V4 | edge=R05E018 | LTKBID=LT01262 | compound=Sapropterin dihydrochloride | class=phaseII_conjugation | role=M | state=CAT | source=existing_xTB | smiles=C[C@H](O)[C@H](OC1OC(C(=O)O)C(O)C(O)C1O)[C@H]1CNc2nc(N)[nH]c(=O)c2N1,True,8,0,-1535.70378026,R05E018_M_CAT,LT01262,Sapropterin dihydrochloride,0.0,phaseII_conjugation,Alkyl-OH-glucuronidation,1,2,existing_xTB,29,C[C@H](O)[C@H](OC1OC(C(=O)O)C(O)C(O)C1O)[C@H]1CNc2nc(N)[nH]c(=O)c2N1,output_round05_v4/qchem_inputs/wave_B_cation/R05E018_M_CAT.in,efb5f7d46131d8db07fff29ca1c213bd8bc45c46c9ebe703ca86b5af6342b19e
R05E018,M,N,success,archive3595(1).tar,3630,R05E018_M_N,P05 StateFlux Round05 V4 | edge=R05E018 | LTKBID=LT01262 | compound=Sapropterin dihydrochloride | class=phaseII_conjugation | role=M | state=N | source=existing_xTB | smiles=C[C@H](O)[C@H](OC1OC(C(=O)O)C(O)C(O)C1O)[C@H]1CNc2nc(N)[nH]c(=O)c2N1,True,8,0,-1535.88018029,R05E018_M_N,LT01262,Sapropterin dihydrochloride,0.0,phaseII_conjugation,Alkyl-OH-glucuronidation,0,1,existing_xTB,29,C[C@H](O)[C@H](OC1OC(C(=O)O)C(O)C(O)C1O)[C@H]1CNc2nc(N)[nH]c(=O)c2N1,output_round05_v4/qchem_inputs/wave_A_neutral/R05E018_M_N.in,1e9b8a2d3b5a1d6441f13e8e5043d6bc8ddbca533ac063a298043b1921ac342b
R05E018,P,ANI,success,archive3595(1).tar,3735,R05E018_P_ANI,P05 StateFlux Round05 V4 | edge=R05E018 | LTKBID=LT01262 | compound=Sapropterin dihydrochloride | class=phaseII_conjugation | role=P | state=ANI | source=existing_xTB | smiles=C[C@H](O)[C@H](O)[C@H]1CNc2nc(N)[nH]c(=O)c2N1,True,8,0,-851.27084344,R05E018_P_ANI,LT01262,Sapropterin dihydrochloride,0.0,phaseII_conjugation,Alkyl-OH-glucuronidation,-1,2,existing_xTB,17,C[C@H](O)[C@H](O)[C@H]1CNc2nc(N)[nH]c(=O)c2N1,output_round05_v4/qchem_inputs/wave_C_anion/R05E018_P_ANI.in,69bde7c362ae1267fdacaa8310d7c30abb92099061ff98c71142c0d227aab7af
R05E018,P,CAT,success,archive3595(1).tar,3687,R05E018_P_CAT,P05 StateFlux Round05 V4 | edge=R05E018 | LTKBID=LT01262 | compound=Sapropterin dihydrochloride | class=phaseII_conjugation | role=P | state=CAT | source=existing_xTB | smiles=C[C@H](O)[C@H](O)[C@H]1CNc2nc(N)[nH]c(=O)c2N1,True,8,0,-851.07430869,R05E018_P_CAT,LT01262,Sapropterin dihydrochloride,0.0,phaseII_conjugation,Alkyl-OH-glucuronidation,1,2,existing_xTB,17,C[C@H](O)[C@H](O)[C@H]1CNc2nc(N)[nH]c(=O)c2N1,output_round05_v4/qchem_inputs/wave_B_cation/R05E018_P_CAT.in,08719f95061f4cce26290aa885e02e59258a22327722fd4520fdf6a3fa635dcd
R05E018,P,N,success,archive3595(1).tar,3631,R05E018_P_N,P05 StateFlux Round05 V4 | edge=R05E018 | LTKBID=LT01262 | compound=Sapropterin dihydrochloride | class=phaseII_conjugation | role=P | state=N | source=existing_xTB | smiles=C[C@H](O)[C@H](O)[C@H]1CNc2nc(N)[nH]c(=O)c2N1,True,8,0,-851.25031558,R05E018_P_N,LT01262,Sapropterin dihydrochloride,0.0,phaseII_conjugation,Alkyl-OH-glucuronidation,0,1,existing_xTB,17,C[C@H](O)[C@H](O)[C@H]1CNc2nc(N)[nH]c(=O)c2N1,output_round05_v4/qchem_inputs/wave_A_neutral/R05E018_P_N.in,44edbf74d624c407f3de5a773ad4531e409a2106de7f12887940a64a5eb222bc
R05E019,M,ANI,success,archive3595(1).tar,3736,R05E019_M_ANI,P05 StateFlux Round05 V4 | edge=R05E019 | LTKBID=LT01486 | compound=Levocarnitine | class=phaseII_conjugation | role=M | state=ANI | source=existing_xTB | smiles=C[N+](C)(C)C[C@@H](CC(=O)O)OS(=O)(=O)[O-],True,8,0,-1179.82909879,R05E019_M_ANI,LT01486,Levocarnitine,0.0,phaseII_conjugation,Sulfation of secondary alcohol,-1,2,existing_xTB,15,C[N+](C)(C)C[C@@H](CC(=O)O)OS(=O)(=O)[O-],output_round05_v4/qchem_inputs/wave_C_anion/R05E019_M_ANI.in,93382888cdfae83b1f1e2d2ac0051ad79a5dff68ee7e03fc483779f4d2595fcd
R05E019,M,CAT,success,archive3595(1).tar,3688,R05E019_M_CAT,P05 StateFlux Round05 V4 | edge=R05E019 | LTKBID=LT01486 | compound=Levocarnitine | class=phaseII_conjugation | role=M | state=CAT | source=existing_xTB | smiles=C[N+](C)(C)C[C@@H](CC(=O)O)OS(=O)(=O)[O-],True,8,0,-1179.52964209,R05E019_M_CAT,LT01486,Levocarnitine,0.0,phaseII_conjugation,Sulfation of secondary alcohol,1,2,existing_xTB,15,C[N+](C)(C)C[C@@H](CC(=O)O)OS(=O)(=O)[O-],output_round05_v4/qchem_inputs/wave_B_cation/R05E019_M_CAT.in,d9db4dfc6ace6c508a31b28e0860916725a45b58ec39dcff27f38ed7fd5aac77
R05E019,M,N,success,archive3595(1).tar,3632,R05E019_M_N,P05 StateFlux Round05 V4 | edge=R05E019 | LTKBID=LT01486 | compound=Levocarnitine | class=phaseII_conjugation | role=M | state=N | source=existing_xTB | smiles=C[N+](C)(C)C[C@@H](CC(=O)O)OS(=O)(=O)[O-],True,8,0,-1179.81378691,R05E019_M_N,LT01486,Levocarnitine,0.0,phaseII_conjugation,Sulfation of secondary alcohol,0,1,existing_xTB,15,C[N+](C)(C)C[C@@H](CC(=O)O)OS(=O)(=O)[O-],output_round05_v4/qchem_inputs/wave_A_neutral/R05E019_M_N.in,9b2ec7f8d427c52c12535693418e8e637cac736c663e8366145b87d1306ff7ba
R05E019,P,ANI,success,archive3595(1).tar,3737,R05E019_P_ANI,P05 StateFlux Round05 V4 | edge=R05E019 | LTKBID=LT01486 | compound=Levocarnitine | class=phaseII_conjugation | role=P | state=ANI | source=existing_xTB | smiles=C[N+](C)(C)C[C@H](O)CC(=O)[O-],True,8,0,-556.06180704,R05E019_P_ANI,LT01486,Levocarnitine,0.0,phaseII_conjugation,Sulfation of secondary alcohol,-1,2,existing_xTB,11,C[N+](C)(C)C[C@H](O)CC(=O)[O-],output_round05_v4/qchem_inputs/wave_C_anion/R05E019_P_ANI.in,9719cc5657e4850bf62ab814a19d88576782134b497a3dae1f9f70e47e719c95
R05E019,P,CAT,success,archive3595(1).tar,3689,R05E019_P_CAT,P05 StateFlux Round05 V4 | edge=R05E019 | LTKBID=LT01486 | compound=Levocarnitine | class=phaseII_conjugation | role=P | state=CAT | source=existing_xTB | smiles=C[N+](C)(C)C[C@H](O)CC(=O)[O-],True,8,0,-555.82339499,R05E019_P_CAT,LT01486,Levocarnitine,0.0,phaseII_conjugation,Sulfation of secondary alcohol,1,2,existing_xTB,11,C[N+](C)(C)C[C@H](O)CC(=O)[O-],output_round05_v4/qchem_inputs/wave_B_cation/R05E019_P_CAT.in,c185f40ecc100e3b4fe46b67d9fcfd64c31121eb2d81f51dd8963dff5d750ecc
R05E019,P,N,success,archive3595(1).tar,3633,R05E019_P_N,P05 StateFlux Round05 V4 | edge=R05E019 | LTKBID=LT01486 | compound=Levocarnitine | class=phaseII_conjugation | role=P | state=N | source=existing_xTB | smiles=C[N+](C)(C)C[C@H](O)CC(=O)[O-],True,8,0,-556.06732481,R05E019_P_N,LT01486,Levocarnitine,0.0,phaseII_conjugation,Sulfation of secondary alcohol,0,1,existing_xTB,11,C[N+](C)(C)C[C@H](O)CC(=O)[O-],output_round05_v4/qchem_inputs/wave_A_neutral/R05E019_P_N.in,2dd46fd15d5e351afc01130fb7f8124aeac4fa83a0321522ba20e382673cf588
R05E020,M,ANI,success,archive3595(1).tar,3738,R05E020_M_ANI,P05 StateFlux Round05 V4 | edge=R05E020 | LTKBID=LT02009 | compound=Vitamin C | class=phaseII_conjugation | role=M | state=ANI | source=existing_xTB | smiles=O=C1O[C@H]([C@@H](O)COC2OC(C(=O)O)C(O)C(O)C2O)C(O)=C1O,True,8,0,-1369.28138603,R05E020_M_ANI,LT02009,Vitamin C,0.0,phaseII_conjugation,Alkyl-OH-glucuronidation,-1,2,existing_xTB,24,O=C1O[C@H]([C@@H](O)COC2OC(C(=O)O)C(O)C(O)C2O)C(O)=C1O,output_round05_v4/qchem_inputs/wave_C_anion/R05E020_M_ANI.in,9f2947c4017e01a2483c62eec496617bd4837f670657de043d5a26d444c86726
R05E020,M,CAT,success,archive3595(1).tar,3690,R05E020_M_CAT,P05 StateFlux Round05 V4 | edge=R05E020 | LTKBID=LT02009 | compound=Vitamin C | class=phaseII_conjugation | role=M | state=CAT | source=existing_xTB | smiles=O=C1O[C@H]([C@@H](O)COC2OC(C(=O)O)C(O)C(O)C2O)C(O)=C1O,True,8,0,-1369.00492122,R05E020_M_CAT,LT02009,Vitamin C,0.0,phaseII_conjugation,Alkyl-OH-glucuronidation,1,2,existing_xTB,24,O=C1O[C@H]([C@@H](O)COC2OC(C(=O)O)C(O)C(O)C2O)C(O)=C1O,output_round05_v4/qchem_inputs/wave_B_cation/R05E020_M_CAT.in,e6cded98847e93251d411c9c753823ea0bdcc0b64441d9ed6c4ff40ae8243c4f
R05E020,M,N,success,archive3595(1).tar,3634,R05E020_M_N,P05 StateFlux Round05 V4 | edge=R05E020 | LTKBID=LT02009 | compound=Vitamin C | class=phaseII_conjugation | role=M | state=N | source=existing_xTB | smiles=O=C1O[C@H]([C@@H](O)COC2OC(C(=O)O)C(O)C(O)C2O)C(O)=C1O,True,8,0,-1369.23552826,R05E020_M_N,LT02009,Vitamin C,0.0,phaseII_conjugation,Alkyl-OH-glucuronidation,0,1,existing_xTB,24,O=C1O[C@H]([C@@H](O)COC2OC(C(=O)O)C(O)C(O)C2O)C(O)=C1O,output_round05_v4/qchem_inputs/wave_A_neutral/R05E020_M_N.in,33ee7edfd70d566ac31529bcbe90e163783950cca29eeb95191831ae7523e487
R05E020,P,ANI,success,archive3595(1).tar,3739,R05E020_P_ANI,P05 StateFlux Round05 V4 | edge=R05E020 | LTKBID=LT02009 | compound=Vitamin C | class=phaseII_conjugation | role=P | state=ANI | source=existing_xTB | smiles=O=C1O[C@H]([C@@H](O)CO)C(O)=C1O,True,8,0,-684.65308319,R05E020_P_ANI,LT02009,Vitamin C,0.0,phaseII_conjugation,Alkyl-OH-glucuronidation,-1,2,existing_xTB,12,O=C1O[C@H]([C@@H](O)CO)C(O)=C1O,output_round05_v4/qchem_inputs/wave_C_anion/R05E020_P_ANI.in,fb6b4f1f6b246784b0e1e12fe60ce91c590e85ee803a8e4424e90a70c8b7b76a
R05E020,P,CAT,success,archive3595(1).tar,3691,R05E020_P_CAT,P05 StateFlux Round05 V4 | edge=R05E020 | LTKBID=LT02009 | compound=Vitamin C | class=phaseII_conjugation | role=P | state=CAT | source=existing_xTB | smiles=O=C1O[C@H]([C@@H](O)CO)C(O)=C1O,True,8,0,-684.37167708,R05E020_P_CAT,LT02009,Vitamin C,0.0,phaseII_conjugation,Alkyl-OH-glucuronidation,1,2,existing_xTB,12,O=C1O[C@H]([C@@H](O)CO)C(O)=C1O,output_round05_v4/qchem_inputs/wave_B_cation/R05E020_P_CAT.in,5f5160be86f2ee046be6452b83312b42672490602ea4508f92b97a70569b9808
R05E020,P,N,success,archive3595(1).tar,3635,R05E020_P_N,P05 StateFlux Round05 V4 | edge=R05E020 | LTKBID=LT02009 | compound=Vitamin C | class=phaseII_conjugation | role=P | state=N | source=existing_xTB | smiles=O=C1O[C@H]([C@@H](O)CO)C(O)=C1O,True,8,0,-684.60415815,R05E020_P_N,LT02009,Vitamin C,0.0,phaseII_conjugation,Alkyl-OH-glucuronidation,0,1,existing_xTB,12,O=C1O[C@H]([C@@H](O)CO)C(O)=C1O,output_round05_v4/qchem_inputs/wave_A_neutral/R05E020_P_N.in,3c3819cf5438ab4f9e2a249a4bb39cee8366ba8af924a8f7af00290ea72d87bf
R05E021,M,ANI,success,archive3595(1).tar,3740,R05E021_M_ANI,P05 StateFlux Round05 V4 | edge=R05E021 | LTKBID=LT00003 | compound=Mercaptopurine | class=phaseII_conjugation | role=M | state=ANI | source=existing_xTB | smiles=CSc1ncnc2nc[nH]c12,True,8,0,-849.36685733,R05E021_M_ANI,LT00003,Mercaptopurine,1.0,phaseII_conjugation,S-Methylation of thiopurine,-1,2,existing_xTB,11,CSc1ncnc2nc[nH]c12,output_round05_v4/qchem_inputs/wave_C_anion/R05E021_M_ANI.in,0fdbf8bad403e548863ed42fa7dbdd7d36bb3ff467ead644e38c56949d567aa9
R05E021,M,CAT,success,archive3595(1).tar,3692,R05E021_M_CAT,P05 StateFlux Round05 V4 | edge=R05E021 | LTKBID=LT00003 | compound=Mercaptopurine | class=phaseII_conjugation | role=M | state=CAT | source=existing_xTB | smiles=CSc1ncnc2nc[nH]c12,True,8,0,-849.06775183,R05E021_M_CAT,LT00003,Mercaptopurine,1.0,phaseII_conjugation,S-Methylation of thiopurine,1,2,existing_xTB,11,CSc1ncnc2nc[nH]c12,output_round05_v4/qchem_inputs/wave_B_cation/R05E021_M_CAT.in,15b0a39359832f31b36a8cb65d9212224133bfbab7824d458b717b99ab0b0462
R05E021,M,N,success,archive3595(1).tar,3643,R05E021_M_N,P05 StateFlux Round05 V4 | edge=R05E021 | LTKBID=LT00003 | compound=Mercaptopurine | class=phaseII_conjugation | role=M | state=N | source=existing_xTB | smiles=CSc1ncnc2nc[nH]c12,True,8,0,-849.30562907,R05E021_M_N,LT00003,Mercaptopurine,1.0,phaseII_conjugation,S-Methylation of thiopurine,0,1,existing_xTB,11,CSc1ncnc2nc[nH]c12,output_round05_v4/qchem_inputs/wave_A_neutral/R05E021_M_N.in,5b7094eaa7f3552c28476a7eba1c6699de990a2fea797e838617c06860c06815
R05E021,P,ANI,success,archive3595(1).tar,3741,R05E021_P_ANI,P05 StateFlux Round05 V4 | edge=R05E021 | LTKBID=LT00003 | compound=Mercaptopurine | class=phaseII_conjugation | role=P | state=ANI | source=existing_xTB | smiles=Sc1ncnc2nc[nH]c12,True,8,0,-810.06741997,R05E021_P_ANI,LT00003,Mercaptopurine,1.0,phaseII_conjugation,S-Methylation of thiopurine,-1,2,existing_xTB,10,Sc1ncnc2nc[nH]c12,output_round05_v4/qchem_inputs/wave_C_anion/R05E021_P_ANI.in,a032a6417ddbedaa737fdd9491e9a08393749d7bbfdfcd2c9a111c13448fa955
R05E021,P,CAT,success,archive3595(1).tar,3693,R05E021_P_CAT,P05 StateFlux Round05 V4 | edge=R05E021 | LTKBID=LT00003 | compound=Mercaptopurine | class=phaseII_conjugation | role=P | state=CAT | source=existing_xTB | smiles=Sc1ncnc2nc[nH]c12,True,8,0,-809.75155759,R05E021_P_CAT,LT00003,Mercaptopurine,1.0,phaseII_conjugation,S-Methylation of thiopurine,1,2,existing_xTB,10,Sc1ncnc2nc[nH]c12,output_round05_v4/qchem_inputs/wave_B_cation/R05E021_P_CAT.in,5f1c22d57f09a46ee07d90fa524837fcc02692c6bb48a91e05ff4937684ba9fe
R05E021,P,N,success,archive3595(1).tar,3644,R05E021_P_N,P05 StateFlux Round05 V4 | edge=R05E021 | LTKBID=LT00003 | compound=Mercaptopurine | class=phaseII_conjugation | role=P | state=N | source=existing_xTB | smiles=Sc1ncnc2nc[nH]c12,True,8,0,-810.00186192,R05E021_P_N,LT00003,Mercaptopurine,1.0,phaseII_conjugation,S-Methylation of thiopurine,0,1,existing_xTB,10,Sc1ncnc2nc[nH]c12,output_round05_v4/qchem_inputs/wave_A_neutral/R05E021_P_N.in,cbfe9f88182cb19513f21bc37e13da637632d30f595918622c6b9edda8d964cc
R05E022,M,ANI,success,archive3783(1).tar,3785,R05E022_M_ANI_RESCUE3,P05 StateFlux Round05 V4 RESCUE3 | edge=R05E022 | LTKBID=LT00845 | compound=Oxandrolone | class=phaseII_conjugation | role=M | state=ANI | source=existing_xTB | smiles=C[C@]12COC(=O)C[C@@H]1CC[C@@H]1[C@@H]2CC[C@@]2(C)[C@H]1CC[C@]2(C)OC1OC(C(=O)O)C(O)C(O)C1O,True,5,3,-1652.21352352,R05E022_M_ANI,LT00845,Oxandrolone,1.0,phaseII_conjugation,17-OH-Glucuronidation of sterol,-1,2,existing_xTB,34,C[C@]12COC(=O)C[C@@H]1CC[C@@H]1[C@@H]2CC[C@@]2(C)[C@H]1CC[C@]2(C)OC1OC(C(=O)O)C(O)C(O)C1O,output_round05_v4/qchem_inputs/wave_C_anion/R05E022_M_ANI.in,2171ea38cfc96a0058d6d6358b8462d2dbf2e8c8706615dd7d6dc0365241dce4
R05E022,M,CAT,success,archive3757 (1).tar,3774,R05E022_M_CAT_RESCUE2,P05 StateFlux Round05 V4 RESCUE2 | edge=R05E022 | LTKBID=LT00845 | compound=Oxandrolone | class=phaseII_conjugation | role=M | state=CAT | source=existing_xTB | smiles=C[C@]12COC(=O)C[C@@H]1CC[C@@H]1[C@@H]2CC[C@@]2(C)[C@H]1CC[C@]2(C)OC1OC(C(=O)O)C(O)C(O)C1O,True,7,2,-1651.91496028,R05E022_M_CAT,LT00845,Oxandrolone,1.0,phaseII_conjugation,17-OH-Glucuronidation of sterol,1,2,existing_xTB,34,C[C@]12COC(=O)C[C@@H]1CC[C@@H]1[C@@H]2CC[C@@]2(C)[C@H]1CC[C@]2(C)OC1OC(C(=O)O)C(O)C(O)C1O,output_round05_v4/qchem_inputs/wave_B_cation/R05E022_M_CAT.in,5344c390afdcde59a5ecd03f162de499e574ccd2083541917343f78d1691324f
R05E022,M,N,success,archive3595(1).tar,3645,R05E022_M_N,P05 StateFlux Round05 V4 | edge=R05E022 | LTKBID=LT00845 | compound=Oxandrolone | class=phaseII_conjugation | role=M | state=N | source=existing_xTB | smiles=C[C@]12COC(=O)C[C@@H]1CC[C@@H]1[C@@H]2CC[C@@]2(C)[C@H]1CC[C@]2(C)OC1OC(C(=O)O)C(O)C(O)C1O,True,8,0,-1652.18938869,R05E022_M_N,LT00845,Oxandrolone,1.0,phaseII_conjugation,17-OH-Glucuronidation of sterol,0,1,existing_xTB,34,C[C@]12COC(=O)C[C@@H]1CC[C@@H]1[C@@H]2CC[C@@]2(C)[C@H]1CC[C@]2(C)OC1OC(C(=O)O)C(O)C(O)C1O,output_round05_v4/qchem_inputs/wave_A_neutral/R05E022_M_N.in,a4b01086500a4d02f30e08e6e305e8a192a006f05de7b86fb6d15ff9a903575e
R05E022,P,ANI,success,archive3595(1).tar,3743,R05E022_P_ANI,P05 StateFlux Round05 V4 | edge=R05E022 | LTKBID=LT00845 | compound=Oxandrolone | class=phaseII_conjugation | role=P | state=ANI | source=existing_xTB | smiles=C[C@]12COC(=O)C[C@@H]1CC[C@@H]1[C@@H]2CC[C@@]2(C)[C@H]1CC[C@]2(C)O,True,8,0,-967.58252647,R05E022_P_ANI,LT00845,Oxandrolone,1.0,phaseII_conjugation,17-OH-Glucuronidation of sterol,-1,2,existing_xTB,22,C[C@]12COC(=O)C[C@@H]1CC[C@@H]1[C@@H]2CC[C@@]2(C)[C@H]1CC[C@]2(C)O,output_round05_v4/qchem_inputs/wave_C_anion/R05E022_P_ANI.in,0de1bc6304e0e6be9726df0c743b9f616a1cd61b9597804179ff94dd708756ae
R05E022,P,CAT,success,archive3595(1).tar,3695,R05E022_P_CAT,P05 StateFlux Round05 V4 | edge=R05E022 | LTKBID=LT00845 | compound=Oxandrolone | class=phaseII_conjugation | role=P | state=CAT | source=existing_xTB | smiles=C[C@]12COC(=O)C[C@@H]1CC[C@@H]1[C@@H]2CC[C@@]2(C)[C@H]1CC[C@]2(C)O,True,8,0,-967.29877295,R05E022_P_CAT,LT00845,Oxandrolone,1.0,phaseII_conjugation,17-OH-Glucuronidation of sterol,1,2,existing_xTB,22,C[C@]12COC(=O)C[C@@H]1CC[C@@H]1[C@@H]2CC[C@@]2(C)[C@H]1CC[C@]2(C)O,output_round05_v4/qchem_inputs/wave_B_cation/R05E022_P_CAT.in,c990ba9ea8828883b289fdd872302d309747973e0b6dc9fc4fe7305bc66f9430
R05E022,P,N,success,archive3595(1).tar,3646,R05E022_P_N,P05 StateFlux Round05 V4 | edge=R05E022 | LTKBID=LT00845 | compound=Oxandrolone | class=phaseII_conjugation | role=P | state=N | source=existing_xTB | smiles=C[C@]12COC(=O)C[C@@H]1CC[C@@H]1[C@@H]2CC[C@@]2(C)[C@H]1CC[C@]2(C)O,True,8,0,-967.56708801,R05E022_P_N,LT00845,Oxandrolone,1.0,phaseII_conjugation,17-OH-Glucuronidation of sterol,0,1,existing_xTB,22,C[C@]12COC(=O)C[C@@H]1CC[C@@H]1[C@@H]2CC[C@@]2(C)[C@H]1CC[C@]2(C)O,output_round05_v4/qchem_inputs/wave_A_neutral/R05E022_P_N.in,70e4fb91d742ebdbe30f7ee47ff006065b018e0a1a068fc1f34fe21a97a34ccd
R05E023,M,ANI,success,archive3595(1).tar,3744,R05E023_M_ANI,P05 StateFlux Round05 V4 | edge=R05E023 | LTKBID=LT01345 | compound=Ethambutol hydrochloride | class=phaseII_conjugation | role=M | state=ANI | source=existing_xTB | smiles=CC[C@@H](CO)NCCN[C@@H](CC)COS(=O)(=O)O,True,8,0,-1279.0539345,R05E023_M_ANI,LT01345,Ethambutol hydrochloride,1.0,phaseII_conjugation,Sulfation of primary alcohol,-1,2,existing_xTB,18,CC[C@@H](CO)NCCN[C@@H](CC)COS(=O)(=O)O,output_round05_v4/qchem_inputs/wave_C_anion/R05E023_M_ANI.in,b940df1f0c348a69c6a3c72da1d16e7da04161a11c07cc82ea8d6e0bbb67f752
R05E023,M,CAT,success,archive3595(1).tar,3696,R05E023_M_CAT,P05 StateFlux Round05 V4 | edge=R05E023 | LTKBID=LT01345 | compound=Ethambutol hydrochloride | class=phaseII_conjugation | role=M | state=CAT | source=existing_xTB | smiles=CC[C@@H](CO)NCCN[C@@H](CC)COS(=O)(=O)O,True,8,0,-1278.81857126,R05E023_M_CAT,LT01345,Ethambutol hydrochloride,1.0,phaseII_conjugation,Sulfation of primary alcohol,1,2,existing_xTB,18,CC[C@@H](CO)NCCN[C@@H](CC)COS(=O)(=O)O,output_round05_v4/qchem_inputs/wave_B_cation/R05E023_M_CAT.in,da2294718d1f055f4fa25ba5cfffc09e8dfa01f2cb4c5ecbfcf6b63c49aadf1a
R05E023,M,N,success,archive3595(1).tar,3647,R05E023_M_N,P05 StateFlux Round05 V4 | edge=R05E023 | LTKBID=LT01345 | compound=Ethambutol hydrochloride | class=phaseII_conjugation | role=M | state=N | source=existing_xTB | smiles=CC[C@@H](CO)NCCN[C@@H](CC)COS(=O)(=O)O,True,8,0,-1279.05024658,R05E023_M_N,LT01345,Ethambutol hydrochloride,1.0,phaseII_conjugation,Sulfation of primary alcohol,0,1,existing_xTB,18,CC[C@@H](CO)NCCN[C@@H](CC)COS(=O)(=O)O,output_round05_v4/qchem_inputs/wave_A_neutral/R05E023_M_N.in,cfe67a72712d161afcfebb486dc2d4df1cb780d4bb0a20e97a8b488f18e7916a
R05E023,P,ANI,success,archive3595(1).tar,3745,R05E023_P_ANI,P05 StateFlux Round05 V4 | edge=R05E023 | LTKBID=LT01345 | compound=Ethambutol hydrochloride | class=phaseII_conjugation | role=P | state=ANI | source=existing_xTB | smiles=CC[C@@H](CO)NCCN[C@@H](CC)CO,True,8,0,-655.28989435,R05E023_P_ANI,LT01345,Ethambutol hydrochloride,1.0,phaseII_conjugation,Sulfation of primary alcohol,-1,2,existing_xTB,14,CC[C@@H](CO)NCCN[C@@H](CC)CO,output_round05_v4/qchem_inputs/wave_C_anion/R05E023_P_ANI.in,89abf63e6bf3bf81ddafba4b4bc11e4721b45fe79a5697436501b8b7f31eefb7
R05E023,P,CAT,success,archive3595(1).tar,3697,R05E023_P_CAT,P05 StateFlux Round05 V4 | edge=R05E023 | LTKBID=LT01345 | compound=Ethambutol hydrochloride | class=phaseII_conjugation | role=P | state=CAT | source=existing_xTB | smiles=CC[C@@H](CO)NCCN[C@@H](CC)CO,True,8,0,-655.06815899,R05E023_P_CAT,LT01345,Ethambutol hydrochloride,1.0,phaseII_conjugation,Sulfation of primary alcohol,1,2,existing_xTB,14,CC[C@@H](CO)NCCN[C@@H](CC)CO,output_round05_v4/qchem_inputs/wave_B_cation/R05E023_P_CAT.in,5dea44c361b8952436451b6ef64a71fa8a749cb9a1f0323423795a7c71df3b60
R05E023,P,N,success,archive3595(1).tar,3648,R05E023_P_N,P05 StateFlux Round05 V4 | edge=R05E023 | LTKBID=LT01345 | compound=Ethambutol hydrochloride | class=phaseII_conjugation | role=P | state=N | source=existing_xTB | smiles=CC[C@@H](CO)NCCN[C@@H](CC)CO,True,8,0,-655.2868573,R05E023_P_N,LT01345,Ethambutol hydrochloride,1.0,phaseII_conjugation,Sulfation of primary alcohol,0,1,existing_xTB,14,CC[C@@H](CO)NCCN[C@@H](CC)CO,output_round05_v4/qchem_inputs/wave_A_neutral/R05E023_P_N.in,06ec4bbe9dd8c9fb76098c0aa42bcf636090589d9decbcb9b23cbb3bd4d35503
R05E024,M,ANI,success,archive3595(1).tar,3746,R05E024_M_ANI,P05 StateFlux Round05 V4 | edge=R05E024 | LTKBID=LT01651 | compound=Pentostatin | class=phaseII_conjugation | role=M | state=ANI | source=existing_xTB | smiles=O=C(O)C1OC(OC[C@H]2O[C@@H](n3cnc4c3N=CNC[C@H]4O)C[C@@H]2O)C(O)C(O)C1O,True,8,0,-1633.08641036,R05E024_M_ANI,LT01651,Pentostatin,1.0,phaseII_conjugation,Alkyl-OH-glucuronidation,-1,2,existing_xTB,31,O=C(O)C1OC(OC[C@H]2O[C@@H](n3cnc4c3N=CNC[C@H]4O)C[C@@H]2O)C(O)C(O)C1O,output_round05_v4/qchem_inputs/wave_C_anion/R05E024_M_ANI.in,051438f18a06ef491909b501062c5df6ce7fc55dc4fb857679d3b38963442f9c
R05E024,M,CAT,success,archive3757 (1).tar,3775,R05E024_M_CAT_RESCUE2,P05 StateFlux Round05 V4 RESCUE2 | edge=R05E024 | LTKBID=LT01651 | compound=Pentostatin | class=phaseII_conjugation | role=M | state=CAT | source=existing_xTB | smiles=O=C(O)C1OC(OC[C@H]2O[C@@H](n3cnc4c3N=CNC[C@H]4O)C[C@@H]2O)C(O)C(O)C1O,True,7,2,-1632.87151143,R05E024_M_CAT,LT01651,Pentostatin,1.0,phaseII_conjugation,Alkyl-OH-glucuronidation,1,2,existing_xTB,31,O=C(O)C1OC(OC[C@H]2O[C@@H](n3cnc4c3N=CNC[C@H]4O)C[C@@H]2O)C(O)C(O)C1O,output_round05_v4/qchem_inputs/wave_B_cation/R05E024_M_CAT.in,667c3b652c172ba9740165b09989af5ac32f8f61872a9f48729da72322dac03d
R05E024,M,N,success,archive3595(1).tar,3650,R05E024_M_N,P05 StateFlux Round05 V4 | edge=R05E024 | LTKBID=LT01651 | compound=Pentostatin | class=phaseII_conjugation | role=M | state=N | source=existing_xTB | smiles=O=C(O)C1OC(OC[C@H]2O[C@@H](n3cnc4c3N=CNC[C@H]4O)C[C@@H]2O)C(O)C(O)C1O,True,8,0,-1633.06642398,R05E024_M_N,LT01651,Pentostatin,1.0,phaseII_conjugation,Alkyl-OH-glucuronidation,0,1,existing_xTB,31,O=C(O)C1OC(OC[C@H]2O[C@@H](n3cnc4c3N=CNC[C@H]4O)C[C@@H]2O)C(O)C(O)C1O,output_round05_v4/qchem_inputs/wave_A_neutral/R05E024_M_N.in,4a0d8958ac64a6feb5c0117514073a326aa927f65f4446151d575a9e6e275ff1
R05E024,P,ANI,success,archive3595(1).tar,3747,R05E024_P_ANI,P05 StateFlux Round05 V4 | edge=R05E024 | LTKBID=LT01651 | compound=Pentostatin | class=phaseII_conjugation | role=P | state=ANI | source=existing_xTB | smiles=OC[C@H]1O[C@@H](n2cnc3c2N=CNC[C@H]3O)C[C@@H]1O,True,8,0,-948.46627182,R05E024_P_ANI,LT01651,Pentostatin,1.0,phaseII_conjugation,Alkyl-OH-glucuronidation,-1,2,existing_xTB,19,OC[C@H]1O[C@@H](n2cnc3c2N=CNC[C@H]3O)C[C@@H]1O,output_round05_v4/qchem_inputs/wave_C_anion/R05E024_P_ANI.in,7cbbd10d1210e648dbba9f723ec972270ca8a95b0f41c1ab4f035f61dc74fde0
R05E024,P,CAT,success,archive3595(1).tar,3699,R05E024_P_CAT,P05 StateFlux Round05 V4 | edge=R05E024 | LTKBID=LT01651 | compound=Pentostatin | class=phaseII_conjugation | role=P | state=CAT | source=existing_xTB | smiles=OC[C@H]1O[C@@H](n2cnc3c2N=CNC[C@H]3O)C[C@@H]1O,True,8,0,-948.2505333,R05E024_P_CAT,LT01651,Pentostatin,1.0,phaseII_conjugation,Alkyl-OH-glucuronidation,1,2,existing_xTB,19,OC[C@H]1O[C@@H](n2cnc3c2N=CNC[C@H]3O)C[C@@H]1O,output_round05_v4/qchem_inputs/wave_B_cation/R05E024_P_CAT.in,edce1a58d0e1fb17ef029f1e77afe89549e32976334eaf152d9e038efcff28f6
R05E024,P,N,success,archive3595(1).tar,3651,R05E024_P_N,P05 StateFlux Round05 V4 | edge=R05E024 | LTKBID=LT01651 | compound=Pentostatin | class=phaseII_conjugation | role=P | state=N | source=existing_xTB | smiles=OC[C@H]1O[C@@H](n2cnc3c2N=CNC[C@H]3O)C[C@@H]1O,True,8,0,-948.44576306,R05E024_P_N,LT01651,Pentostatin,1.0,phaseII_conjugation,Alkyl-OH-glucuronidation,0,1,existing_xTB,19,OC[C@H]1O[C@@H](n2cnc3c2N=CNC[C@H]3O)C[C@@H]1O,output_round05_v4/qchem_inputs/wave_A_neutral/R05E024_P_N.in,040bf13932aba86e51e16734540e7db5aa3db062ea9f24b46bfd56519697ae44
