edge,role,state,status,tar,job_id,job_name,comment,success,scf,stage,energy_Eh
R05E001,M,ANI,success,archive3595(1).tar,3700,R05E001_M_ANI,P05 StateFlux Round05 V4 | edge=R05E001 | LTKBID=LT00587 | compound=Minoxidil | class=dealkylation | role=M | state=ANI | source=existing_xTB | smiles=Nc1cc(NCCCCC=O)nc(N)[n+]1[O-],True,8,0,-776.01464237
R05E001,M,CAT,success,archive3595(1).tar,3652,R05E001_M_CAT,P05 StateFlux Round05 V4 | edge=R05E001 | LTKBID=LT00587 | compound=Minoxidil | class=dealkylation | role=M | state=CAT | source=existing_xTB | smiles=Nc1cc(NCCCCC=O)nc(N)[n+]1[O-],True,8,0,-775.77354822
R05E001,M,N,success,archive3595(1).tar,3595,R05E001_M_N,P05 StateFlux Round05 V4 | edge=R05E001 | LTKBID=LT00587 | compound=Minoxidil | class=dealkylation | role=M | state=N | source=existing_xTB | smiles=Nc1cc(NCCCCC=O)nc(N)[n+]1[O-],True,8,0,-775.97302035
R05E001,P,ANI,success,archive3595(1).tar,3701,R05E001_P_ANI,P05 StateFlux Round05 V4 | edge=R05E001 | LTKBID=LT00587 | compound=Minoxidil | class=dealkylation | role=P | state=ANI | source=existing_xTB | smiles=Nc1cc(N2CCCCC2)nc(N)[n+]1[O-],True,8,0,-700.78990622
R05E001,P,CAT,success,archive3595(1).tar,3653,R05E001_P_CAT,P05 StateFlux Round05 V4 | edge=R05E001 | LTKBID=LT00587 | compound=Minoxidil | class=dealkylation | role=P | state=CAT | source=existing_xTB | smiles=Nc1cc(N2CCCCC2)nc(N)[n+]1[O-],True,8,0,-700.57794044
R05E001,P,N,success,archive3595(1).tar,3596,R05E001_P_N,P05 StateFlux Round05 V4 | edge=R05E001 | LTKBID=LT00587 | compound=Minoxidil | class=dealkylation | role=P | state=N | source=existing_xTB | smiles=Nc1cc(N2CCCCC2)nc(N)[n+]1[O-],True,8,0,-700.7732042
R05E002,M,ANI,success,archive3595(1).tar,3702,R05E002_M_ANI,P05 StateFlux Round05 V4 | edge=R05E002 | LTKBID=LT00848 | compound=Protriptyline hydrochloride | class=dealkylation | role=M | state=ANI | source=existing_xTB | smiles=O=CCCC1c2ccccc2C=Cc2ccccc21,True,8,0,-770.59370259
R05E002,M,CAT,success,archive3595(1).tar,3654,R05E002_M_CAT,P05 StateFlux Round05 V4 | edge=R05E002 | LTKBID=LT00848 | compound=Protriptyline hydrochloride | class=dealkylation | role=M | state=CAT | source=existing_xTB | smiles=O=CCCC1c2ccccc2C=Cc2ccccc21,True,8,0,-770.32412406
R05E002,M,N,success,archive3595(1).tar,3597,R05E002_M_N,P05 StateFlux Round05 V4 | edge=R05E002 | LTKBID=LT00848 | compound=Protriptyline hydrochloride | class=dealkylation | role=M | state=N | source=existing_xTB | smiles=O=CCCC1c2ccccc2C=Cc2ccccc21,True,8,0,-770.53898915
R05E002,P,ANI,success,archive3595(1).tar,3703,R05E002_P_ANI,P05 StateFlux Round05 V4 | edge=R05E002 | LTKBID=LT00848 | compound=Protriptyline hydrochloride | class=dealkylation | role=P | state=ANI | source=existing_xTB | smiles=CNCCCC1c2ccccc2C=Cc2ccccc21,True,8,0,-791.23734422
R05E002,P,CAT,success,archive3595(1).tar,3655,R05E002_P_CAT,P05 StateFlux Round05 V4 | edge=R05E002 | LTKBID=LT00848 | compound=Protriptyline hydrochloride | class=dealkylation | role=P | state=CAT | source=existing_xTB | smiles=CNCCCC1c2ccccc2C=Cc2ccccc21,True,8,0,-790.9693402
R05E002,P,N,success,archive3595(1).tar,3598,R05E002_P_N,P05 StateFlux Round05 V4 | edge=R05E002 | LTKBID=LT00848 | compound=Protriptyline hydrochloride | class=dealkylation | role=P | state=N | source=existing_xTB | smiles=CNCCCC1c2ccccc2C=Cc2ccccc21,True,8,0,-791.18376354
R05E003,M,ANI,success,archive3595(1).tar,3704,R05E003_M_ANI,P05 StateFlux Round05 V4 | edge=R05E003 | LTKBID=LT01861 | compound=Viloxazine hydrochloride | class=dealkylation | role=M | state=ANI | source=existing_xTB_R05A | smiles=Oc1ccccc1OCC1CNCCO1,True,8,0,-708.41442499
R05E003,M,CAT,success,archive3595(1).tar,3656,R05E003_M_CAT,P05 StateFlux Round05 V4 | edge=R05E003 | LTKBID=LT01861 | compound=Viloxazine hydrochloride | class=dealkylation | role=M | state=CAT | source=existing_xTB_R05A | smiles=Oc1ccccc1OCC1CNCCO1,True,8,0,-708.18204654
R05E003,M,N,success,archive3595(1).tar,3599,R05E003_M_N,P05 StateFlux Round05 V4 | edge=R05E003 | LTKBID=LT01861 | compound=Viloxazine hydrochloride | class=dealkylation | role=M | state=N | source=existing_xTB_R05A | smiles=Oc1ccccc1OCC1CNCCO1,True,8,0,-708.3975326
R05E003,P,ANI,success,archive3595(1).tar,3705,R05E003_P_ANI,P05 StateFlux Round05 V4 | edge=R05E003 | LTKBID=LT01861 | compound=Viloxazine hydrochloride | class=dealkylation | role=P | state=ANI | source=existing_xTB | smiles=CCOc1ccccc1OCC1CNCCO1,True,8,0,-787.01771808
R05E003,P,CAT,success,archive3595(1).tar,3657,R05E003_P_CAT,P05 StateFlux Round05 V4 | edge=R05E003 | LTKBID=LT01861 | compound=Viloxazine hydrochloride | class=dealkylation | role=P | state=CAT | source=existing_xTB | smiles=CCOc1ccccc1OCC1CNCCO1,True,8,0,-786.75747658
R05E003,P,N,success,archive3595(1).tar,3600,R05E003_P_N,P05 StateFlux Round05 V4 | edge=R05E003 | LTKBID=LT01861 | compound=Viloxazine hydrochloride | class=dealkylation | role=P | state=N | source=existing_xTB | smiles=CCOc1ccccc1OCC1CNCCO1,True,8,0,-786.99377881
R05E004,M,ANI,success,archive3595(1).tar,3706,R05E004_M_ANI,P05 StateFlux Round05 V4 | edge=R05E004 | LTKBID=LT02055 | compound=Pamabrom | class=dealkylation | role=M | state=ANI | source=existing_xTB | smiles=Cn1c(=O)[nH]c2nc(Br)[nH]c2c1=O,True,8,0,-3174.96602237
R05E004,M,CAT,success,archive3595(1).tar,3658,R05E004_M_CAT,P05 StateFlux Round05 V4 | edge=R05E004 | LTKBID=LT02055 | compound=Pamabrom | class=dealkylation | role=M | state=CAT | source=existing_xTB | smiles=Cn1c(=O)[nH]c2nc(Br)[nH]c2c1=O,True,8,0,-3174.67182976
R05E004,M,N,success,archive3595(1).tar,3601,R05E004_M_N,P05 StateFlux Round05 V4 | edge=R05E004 | LTKBID=LT02055 | compound=Pamabrom | class=dealkylation | role=M | state=N | source=existing_xTB | smiles=Cn1c(=O)[nH]c2nc(Br)[nH]c2c1=O,True,8,0,-3174.90963573
R05E004,P,ANI,success,archive3595(1).tar,3707,R05E004_P_ANI,P05 StateFlux Round05 V4 | edge=R05E004 | LTKBID=LT02055 | compound=Pamabrom | class=dealkylation | role=P | state=ANI | source=existing_xTB | smiles=Cn1c(=O)c2[nH]c(Br)nc2n(C)c1=O,True,8,0,-3214.26066393
R05E004,P,CAT,success,archive3595(1).tar,3659,R05E004_P_CAT,P05 StateFlux Round05 V4 | edge=R05E004 | LTKBID=LT02055 | compound=Pamabrom | class=dealkylation | role=P | state=CAT | source=existing_xTB | smiles=Cn1c(=O)c2[nH]c(Br)nc2n(C)c1=O,True,8,0,-3213.97130575
R05E004,P,N,success,archive3595(1).tar,3602,R05E004_P_N,P05 StateFlux Round05 V4 | edge=R05E004 | LTKBID=LT02055 | compound=Pamabrom | class=dealkylation | role=P | state=N | source=existing_xTB | smiles=Cn1c(=O)c2[nH]c(Br)nc2n(C)c1=O,True,8,0,-3214.20468458
R05E005,M,ANI,success,archive3595(1).tar,3708,R05E005_M_ANI,P05 StateFlux Round05 V4 | edge=R05E005 | LTKBID=LT02085 | compound=Orphenadrine hydrochloride | class=dealkylation | role=M | state=ANI | source=existing_xTB | smiles=Cc1ccccc1C(=O)c1ccccc1,True,8,0,-615.83931217
R05E005,M,CAT,success,archive3595(1).tar,3660,R05E005_M_CAT,P05 StateFlux Round05 V4 | edge=R05E005 | LTKBID=LT02085 | compound=Orphenadrine hydrochloride | class=dealkylation | role=M | state=CAT | source=existing_xTB | smiles=Cc1ccccc1C(=O)c1ccccc1,True,8,0,-615.50988541
R05E005,M,N,success,archive3595(1).tar,3603,R05E005_M_N,P05 StateFlux Round05 V4 | edge=R05E005 | LTKBID=LT02085 | compound=Orphenadrine hydrochloride | class=dealkylation | role=M | state=N | source=existing_xTB | smiles=Cc1ccccc1C(=O)c1ccccc1,True,8,0,-615.75626278
R05E005,P,ANI,success,archive3595(1).tar,3709,R05E005_P_ANI,P05 StateFlux Round05 V4 | edge=R05E005 | LTKBID=LT02085 | compound=Orphenadrine hydrochloride | class=dealkylation | role=P | state=ANI | source=existing_xTB | smiles=Cc1ccccc1C(OCCN(C)C)c1ccccc1,True,8,0,-829.50409409
R05E005,P,CAT,success,archive3595(1).tar,3661,R05E005_P_CAT,P05 StateFlux Round05 V4 | edge=R05E005 | LTKBID=LT02085 | compound=Orphenadrine hydrochloride | class=dealkylation | role=P | state=CAT | source=existing_xTB | smiles=Cc1ccccc1C(OCCN(C)C)c1ccccc1,True,8,0,-829.26833204
R05E005,P,N,success,archive3595(1).tar,3604,R05E005_M_N,P05 StateFlux Round05 V4 | edge=R05E005 | LTKBID=LT02085 | compound=Orphenadrine hydrochloride | class=dealkylation | role=P | state=N | source=existing_xTB | smiles=Cc1ccccc1C(OCCN(C)C)c1ccccc1,True,8,0,-829.48196191
R05E006,M,ANI,success,archive3757 (1).tar,3757,R05E022_M_CAT_RESCUE1,P05 StateFlux Round05 V4 RESCUE1 | edge=R05E006 | LTKBID=LT00152 | compound=Tamoxifen citrate | class=dealkylation | role=M | state=ANI | source=existing_xTB | smiles=CC/C(=C(\c1ccccc1)c1ccc(OCC=O)cc1)c1ccccc1,True,8,1,-1077.93622159
R05E006,M,CAT,success,archive3595(1).tar,3662,R05E006_M_CAT,P05 StateFlux Round05 V4 | edge=R05E006 | LTKBID=LT00152 | compound=Tamoxifen citrate | class=dealkylation | role=M | state=CAT | source=existing_xTB | smiles=CC/C(=C(\c1ccccc1)c1ccc(OCC=O)cc1)c1ccccc1,True,8,0,-1077.6917373
R05E006,M,N,success,archive3595(1).tar,3605,R05E005_P_N,P05 StateFlux Round05 V4 | edge=R05E006 | LTKBID=LT00152 | compound=Tamoxifen citrate | class=dealkylation | role=M | state=N | source=existing_xTB | smiles=CC/C(=C(\c1ccccc1)c1ccc(OCC=O)cc1)c1ccccc1,True,8,0,-1077.89617585
R05E006,P,ANI,success,archive3757 (1).tar,3758,R05E024_M_CAT_RESCUE1,P05 StateFlux Round05 V4 RESCUE1 | edge=R05E006 | LTKBID=LT00152 | compound=Tamoxifen citrate | class=dealkylation | role=P | state=ANI | source=existing_xTB | smiles=CC/C(=C(\c1ccccc1)c1ccc(OCCN(C)C)cc1)c1ccccc1,True,8,1,-1137.88255281
R05E006,P,CAT,success,archive3595(1).tar,3663,R05E006_P_CAT,P05 StateFlux Round05 V4 | edge=R05E006 | LTKBID=LT00152 | compound=Tamoxifen citrate | class=dealkylation | role=P | state=CAT | source=existing_xTB | smiles=CC/C(=C(\c1ccccc1)c1ccc(OCCN(C)C)cc1)c1ccccc1,True,8,0,-1137.6400626
R05E006,P,N,success,archive3595(1).tar,3606,R05E006_M_N,P05 StateFlux Round05 V4 | edge=R05E006 | LTKBID=LT00152 | compound=Tamoxifen citrate | class=dealkylation | role=P | state=N | source=existing_xTB | smiles=CC/C(=C(\c1ccccc1)c1ccc(OCCN(C)C)cc1)c1ccccc1,True,8,0,-1137.84254952
R05E007,M,ANI,success,archive3757 (1).tar,3759,R05E006_M_ANI_RESCUE1,P05 StateFlux Round05 V4 RESCUE1 | edge=R05E007 | LTKBID=LT00672 | compound=Pazopanib hydrochloride | class=dealkylation | role=M | state=ANI | source=existing_xTB | smiles=Cc1ccc(Nc2nccc(Nc3ccc4c(C)n(C)nc4c3)n2)cc1S(N)(=O)=O,True,8,1,-1706.29032658
R05E007,M,CAT,success,archive3595(1).tar,3664,R05E007_M_CAT,P05 StateFlux Round05 V4 | edge=R05E007 | LTKBID=LT00672 | compound=Pazopanib hydrochloride | class=dealkylation | role=M | state=CAT | source=existing_xTB | smiles=Cc1ccc(Nc2nccc(Nc3ccc4c(C)n(C)nc4c3)n2)cc1S(N)(=O)=O,True,8,0,-1706.04051116
R05E007,M,N,success,archive3595(1).tar,3607,7a,P05 StateFlux Round05 V4 | edge=R05E007 | LTKBID=LT00672 | compound=Pazopanib hydrochloride | class=dealkylation | role=M | state=N | source=existing_xTB | smiles=Cc1ccc(Nc2nccc(Nc3ccc4c(C)n(C)nc4c3)n2)cc1S(N)(=O)=O,True,8,0,-1706.24199502
R05E007,P,ANI,success,archive3757 (1).tar,3776,R05E007_P_ANI_RESCUE2,P05 StateFlux Round05 V4 RESCUE2 | edge=R05E007 | LTKBID=LT00672 | compound=Pazopanib hydrochloride | class=dealkylation | role=P | state=ANI | source=existing_xTB | smiles=Cc1ccc(Nc2nccc(N(C)c3ccc4c(C)n(C)nc4c3)n2)cc1S(N)(=O)=O,True,7,2,-1745.58384236
R05E007,P,CAT,success,archive3595(1).tar,3665,R05E007_P_CAT,P05 StateFlux Round05 V4 | edge=R05E007 | LTKBID=LT00672 | compound=Pazopanib hydrochloride | class=dealkylation | role=P | state=CAT | source=existing_xTB | smiles=Cc1ccc(Nc2nccc(N(C)c3ccc4c(C)n(C)nc4c3)n2)cc1S(N)(=O)=O,True,8,0,-1745.32958445
R05E007,P,N,success,archive3595(1).tar,3608,7p,P05 StateFlux Round05 V4 | edge=R05E007 | LTKBID=LT00672 | compound=Pazopanib hydrochloride | class=dealkylation | role=P | state=N | source=existing_xTB | smiles=Cc1ccc(Nc2nccc(N(C)c3ccc4c(C)n(C)nc4c3)n2)cc1S(N)(=O)=O,True,8,0,-1745.53398545
R05E008,M,ANI,success,archive3595(1).tar,3714,R05E008_M_ANI,P05 StateFlux Round05 V4 | edge=R05E008 | LTKBID=LT01680 | compound=Pirprofen | class=dealkylation | role=M | state=ANI | source=existing_xTB | smiles=CC(C(=O)O)c1ccc(NCC=CC=O)c(Cl)c1,True,8,0,-1244.26463414
R05E008,M,CAT,success,archive3595(1).tar,3666,R05E008_M_CAT,P05 StateFlux Round05 V4 | edge=R05E008 | LTKBID=LT01680 | compound=Pirprofen | class=dealkylation | role=M | state=CAT | source=existing_xTB | smiles=CC(C(=O)O)c1ccc(NCC=CC=O)c(Cl)c1,True,8,0,-1243.98163289
R05E008,M,N,success,archive3595(1).tar,3609,8m,P05 StateFlux Round05 V4 | edge=R05E008 | LTKBID=LT01680 | compound=Pirprofen | class=dealkylation | role=M | state=N | source=existing_xTB | smiles=CC(C(=O)O)c1ccc(NCC=CC=O)c(Cl)c1,True,8,0,-1244.18268976
R05E008,P,ANI,success,archive3595(1).tar,3715,R05E008_P_ANI,P05 StateFlux Round05 V4 | edge=R05E008 | LTKBID=LT01680 | compound=Pirprofen | class=dealkylation | role=P | state=ANI | source=existing_xTB | smiles=CC(C(=O)O)c1ccc(N2CC=CC2)c(Cl)c1,True,8,0,-1168.99668276
R05E008,P,CAT,success,archive3595(1).tar,3667,R05E008_P_CAT,P05 StateFlux Round05 V4 | edge=R05E008 | LTKBID=LT01680 | compound=Pirprofen | class=dealkylation | role=P | state=CAT | source=existing_xTB | smiles=CC(C(=O)O)c1ccc(N2CC=CC2)c(Cl)c1,True,8,0,-1168.78190105
R05E008,P,N,success,archive3595(1).tar,3610,8p,P05 StateFlux Round05 V4 | edge=R05E008 | LTKBID=LT01680 | compound=Pirprofen | class=dealkylation | role=P | state=N | source=existing_xTB | smiles=CC(C(=O)O)c1ccc(N2CC=CC2)c(Cl)c1,True,8,0,-1168.96948215
R05E009,M,ANI,success,archive3595(1).tar,3716,R05E009_M_ANI,P05 StateFlux Round05 V4 | edge=R05E009 | LTKBID=LT02033 | compound=Ximelagatran | class=dealkylation | role=M | state=ANI | source=existing_xTB_R05A | smiles=N/C(=N/O)c1ccc(CNC(=O)[C@@H]2CCN2C(=O)[C@H](N)C2CCCCC2)cc1,True,8,0,-1278.70596223
R05E009,M,CAT,success,archive3595(1).tar,3668,R05E009_M_CAT,P05 StateFlux Round05 V4 | edge=R05E009 | LTKBID=LT02033 | compound=Ximelagatran | class=dealkylation | role=M | state=CAT | source=existing_xTB_R05A | smiles=N/C(=N/O)c1ccc(CNC(=O)[C@@H]2CCN2C(=O)[C@H](N)C2CCCCC2)cc1,True,8,0,-1278.44766369
R05E009,M,N,success,archive3595(1).tar,3611,9m,P05 StateFlux Round05 V4 | edge=R05E009 | LTKBID=LT02033 | compound=Ximelagatran | class=dealkylation | role=M | state=N | source=existing_xTB_R05A | smiles=N/C(=N/O)c1ccc(CNC(=O)[C@@H]2CCN2C(=O)[C@H](N)C2CCCCC2)cc1,True,8,0,-1278.66559747
R05E009,P,ANI,success,archive3783(1).tar,3783,R05E009_P_ANI_RESCUE3,P05 StateFlux Round05 V4 RESCUE3 | edge=R05E009 | LTKBID=LT02033 | compound=Ximelagatran | class=dealkylation | role=P | state=ANI | source=existing_xTB | smiles=CCOC(=O)CN[C@@H](C(=O)N1CC[C@H]1C(=O)NCc1ccc(/C(N)=N\O)cc1)C1CCCCC1,True,5,3,-1585.1283361
R05E009,P,CAT,success,archive3595(1).tar,3669,R05E009_P_CAT,P05 StateFlux Round05 V4 | edge=R05E009 | LTKBID=LT02033 | compound=Ximelagatran | class=dealkylation | role=P | state=CAT | source=existing_xTB | smiles=CCOC(=O)CN[C@@H](C(=O)N1CC[C@H]1C(=O)NCc1ccc(/C(N)=N\O)cc1)C1CCCCC1,True,8,0,-1584.86800798
R05E009,P,N,success,archive3595(1).tar,3612,9p,P05 StateFlux Round05 V4 | edge=R05E009 | LTKBID=LT02033 | compound=Ximelagatran | class=dealkylation | role=P | state=N | source=existing_xTB | smiles=CCOC(=O)CN[C@@H](C(=O)N1CC[C@H]1C(=O)NCc1ccc(/C(N)=N\O)cc1)C1CCCCC1,True,8,0,-1585.08562752
R05E010,M,ANI,success,archive3783(1).tar,3784,R05E010_M_ANI_RESCUE3,P05 StateFlux Round05 V4 RESCUE3 | edge=R05E010 | LTKBID=LT03606 | compound=Ribociclib succinate | class=dealkylation | role=M | state=ANI | source=existing_xTB | smiles=CN(C)C(=O)c1cc2cnc(Nc3ccc(NCCNCC=O)cn3)nc2n1C1CCCC1,True,5,3,-1482.64092179
R05E010,M,CAT,success,archive3595(1).tar,3670,R05E010_M_CAT,P05 StateFlux Round05 V4 | edge=R05E010 | LTKBID=LT03606 | compound=Ribociclib succinate | class=dealkylation | role=M | state=CAT | source=existing_xTB | smiles=CN(C)C(=O)c1cc2cnc(Nc3ccc(NCCNCC=O)cn3)nc2n1C1CCCC1,True,8,0,-1482.40793957
R05E010,M,N,success,archive3595(1).tar,3613,10m,P05 StateFlux Round05 V4 | edge=R05E010 | LTKBID=LT03606 | compound=Ribociclib succinate | class=dealkylation | role=M | state=N | source=existing_xTB | smiles=CN(C)C(=O)c1cc2cnc(Nc3ccc(NCCNCC=O)cn3)nc2n1C1CCCC1,True,8,0,-1482.58734943
R05E010,P,ANI,success,archive3595(1).tar,3719,R05E010_P_ANI,P05 StateFlux Round05 V4 | edge=R05E010 | LTKBID=LT03606 | compound=Ribociclib succinate | class=dealkylation | role=P | state=ANI | source=existing_xTB | smiles=CN(C)C(=O)c1cc2cnc(Nc3ccc(N4CCNCC4)cn3)nc2n1C1CCCC1,True,8,0,-1407.44966686
R05E010,P,CAT,success,archive3595(1).tar,3671,R05E010_P_CAT,P05 StateFlux Round05 V4 | edge=R05E010 | LTKBID=LT03606 | compound=Ribociclib succinate | class=dealkylation | role=P | state=CAT | source=existing_xTB | smiles=CN(C)C(=O)c1cc2cnc(Nc3ccc(N4CCNCC4)cn3)nc2n1C1CCCC1,True,8,0,-1407.20953084
R05E010,P,N,success,archive3595(1).tar,3615,10pn,P05 StateFlux Round05 V4 | edge=R05E010 | LTKBID=LT03606 | compound=Ribociclib succinate | class=dealkylation | role=P | state=N | source=existing_xTB | smiles=CN(C)C(=O)c1cc2cnc(Nc3ccc(N4CCNCC4)cn3)nc2n1C1CCCC1,True,8,0,-1407.39175963
R05E011,M,ANI,success,archive3595(1).tar,3720,R05E011_M_ANI,P05 StateFlux Round05 V4 | edge=R05E011 | LTKBID=LT00944 | compound=Fenoldopam mesylate | class=oxidation | role=M | state=ANI | source=existing_xTB | smiles=Oc1ccc(C2CNCCc3c(Cl)c(O)c(O)c(O)c32)cc1,True,8,0,-1434.89656793
R05E011,M,CAT,success,archive3595(1).tar,3672,R05E011_M_CAT,P05 StateFlux Round05 V4 | edge=R05E011 | LTKBID=LT00944 | compound=Fenoldopam mesylate | class=oxidation | role=M | state=CAT | source=existing_xTB | smiles=Oc1ccc(C2CNCCc3c(Cl)c(O)c(O)c(O)c32)cc1,True,8,0,-1434.65866129
R05E011,M,N,success,archive3595(1).tar,3616,R05E011_M_N,P05 StateFlux Round05 V4 | edge=R05E011 | LTKBID=LT00944 | compound=Fenoldopam mesylate | class=oxidation | role=M | state=N | source=existing_xTB | smiles=Oc1ccc(C2CNCCc3c(Cl)c(O)c(O)c(O)c32)cc1,True,8,0,-1434.87396227
R05E011,P,ANI,success,archive3595(1).tar,3721,R05E011_P_ANI,P05 StateFlux Round05 V4 | edge=R05E011 | LTKBID=LT00944 | compound=Fenoldopam mesylate | class=oxidation | role=P | state=ANI | source=existing_xTB | smiles=Oc1ccc(C2CNCCc3c2cc(O)c(O)c3Cl)cc1,True,8,0,-1359.69914512
R05E011,P,CAT,success,archive3595(1).tar,3673,R05E011_P_CAT,P05 StateFlux Round05 V4 | edge=R05E011 | LTKBID=LT00944 | compound=Fenoldopam mesylate | class=oxidation | role=P | state=CAT | source=existing_xTB | smiles=Oc1ccc(C2CNCCc3c2cc(O)c(O)c3Cl)cc1,True,8,0,-1359.46171345
R05E011,P,N,success,archive3595(1).tar,3617,R05E011_P_N,P05 StateFlux Round05 V4 | edge=R05E011 | LTKBID=LT00944 | compound=Fenoldopam mesylate | class=oxidation | role=P | state=N | source=existing_xTB | smiles=Oc1ccc(C2CNCCc3c2cc(O)c(O)c3Cl)cc1,True,8,0,-1359.6754978
R05E012,M,ANI,success,archive3595(1).tar,3722,R05E012_M_ANI,P05 StateFlux Round05 V4 | edge=R05E012 | LTKBID=LT03643 | compound=Brivaracetam | class=oxidation | role=M | state=ANI | source=existing_xTB | smiles=C=C[C@@H](C(N)=O)N1C[C@H](CCC)CC1=O,True,8,0,-689.8310723
R05E012,M,CAT,success,archive3595(1).tar,3674,R05E012_M_CAT,P05 StateFlux Round05 V4 | edge=R05E012 | LTKBID=LT03643 | compound=Brivaracetam | class=oxidation | role=M | state=CAT | source=existing_xTB | smiles=C=C[C@@H](C(N)=O)N1C[C@H](CCC)CC1=O,True,8,0,-689.55419542
R05E012,M,N,success,archive3595(1).tar,3618,R05E012_M_N,P05 StateFlux Round05 V4 | edge=R05E012 | LTKBID=LT03643 | compound=Brivaracetam | class=oxidation | role=M | state=N | source=existing_xTB | smiles=C=C[C@@H](C(N)=O)N1C[C@H](CCC)CC1=O,True,8,0,-689.80768411
R05E012,P,ANI,success,archive3595(1).tar,3723,R05E012_P_ANI,P05 StateFlux Round05 V4 | edge=R05E012 | LTKBID=LT03643 | compound=Brivaracetam | class=oxidation | role=P | state=ANI | source=existing_xTB | smiles=CCC[C@@H]1CC(=O)N([C@@H](CC)C(N)=O)C1,True,8,0,-691.06000088
R05E012,P,CAT,success,archive3595(1).tar,3675,R05E012_P_CAT,P05 StateFlux Round05 V4 | edge=R05E012 | LTKBID=LT03643 | compound=Brivaracetam | class=oxidation | role=P | state=CAT | source=existing_xTB | smiles=CCC[C@@H]1CC(=O)N([C@@H](CC)C(N)=O)C1,True,8,0,-690.8051408
R05E012,P,N,success,archive3595(1).tar,3619,R05E012_P_N,P05 StateFlux Round05 V4 | edge=R05E012 | LTKBID=LT03643 | compound=Brivaracetam | class=oxidation | role=P | state=N | source=existing_xTB | smiles=CCC[C@@H]1CC(=O)N([C@@H](CC)C(N)=O)C1,True,8,0,-691.05312115
R05E013,M,ANI,success,archive3595(1).tar,3724,R05E013_M_ANI,P05 StateFlux Round05 V4 | edge=R05E013 | LTKBID=LT03770 | compound=Tecovirimat | class=oxidation | role=M | state=ANI | source=existing_xTB | smiles=O=C(NN1C(=O)[C@@H]2[C@@H]3C=C[C@@H]([C@H]4C[C@@H]34)[C@@H]2C1=O)C1=CC=C(C(F)(F)F)C2OC12,True,8,0,-1442.6180738
R05E013,M,CAT,success,archive3595(1).tar,3676,R05E013_M_CAT,P05 StateFlux Round05 V4 | edge=R05E013 | LTKBID=LT03770 | compound=Tecovirimat | class=oxidation | role=M | state=CAT | source=existing_xTB | smiles=O=C(NN1C(=O)[C@@H]2[C@@H]3C=C[C@@H]([C@H]4C[C@@H]34)[C@@H]2C1=O)C1=CC=C(C(F)(F)F)C2OC12,True,8,0,-1442.25127231
R05E013,M,N,success,archive3595(1).tar,3620,R05E013_M_N,P05 StateFlux Round05 V4 | edge=R05E013 | LTKBID=LT03770 | compound=Tecovirimat | class=oxidation | role=M | state=N | source=existing_xTB | smiles=O=C(NN1C(=O)[C@@H]2[C@@H]3C=C[C@@H]([C@H]4C[C@@H]34)[C@@H]2C1=O)C1=CC=C(C(F)(F)F)C2OC12,True,8,0,-1442.51379427
R05E013,P,ANI,success,archive3595(1).tar,3725,R05E013_P_ANI,P05 StateFlux Round05 V4 | edge=R05E013 | LTKBID=LT03770 | compound=Tecovirimat | class=oxidation | role=P | state=ANI | source=existing_xTB | smiles=O=C(NN1C(=O)[C@@H]2[C@@H]3C=C[C@@H]([C@H]4C[C@@H]34)[C@@H]2C1=O)c1ccc(C(F)(F)F)cc1,True,8,0,-1367.45056698
R05E013,P,CAT,success,archive3595(1).tar,3677,R05E013_P_CAT,P05 StateFlux Round05 V4 | edge=R05E013 | LTKBID=LT03770 | compound=Tecovirimat | class=oxidation | role=P | state=CAT | source=existing_xTB | smiles=O=C(NN1C(=O)[C@@H]2[C@@H]3C=C[C@@H]([C@H]4C[C@@H]34)[C@@H]2C1=O)c1ccc(C(F)(F)F)cc1,True,8,0,-1367.12150577
R05E013,P,N,success,archive3595(1).tar,3621,R05E013_P_N,P05 StateFlux Round05 V4 | edge=R05E013 | LTKBID=LT03770 | compound=Tecovirimat | class=oxidation | role=P | state=N | source=existing_xTB | smiles=O=C(NN1C(=O)[C@@H]2[C@@H]3C=C[C@@H]([C@H]4C[C@@H]34)[C@@H]2C1=O)c1ccc(C(F)(F)F)cc1,True,8,0,-1367.37765167
R05E014,M,ANI,success,archive3595(1).tar,3726,R05E014_M_ANI,P05 StateFlux Round05 V4 | edge=R05E014 | LTKBID=LT00004 | compound=Acetaminophen | class=oxidation | role=M | state=ANI | source=existing_xTB | smiles=CC(=O)N=C1C=CC(=O)C=C1,True,8,0,-514.2199126
R05E014,M,CAT,success,archive3595(1).tar,3678,R05E014_M_CAT,P05 StateFlux Round05 V4 | edge=R05E014 | LTKBID=LT00004 | compound=Acetaminophen | class=oxidation | role=M | state=CAT | source=existing_xTB | smiles=CC(=O)N=C1C=CC(=O)C=C1,True,8,0,-513.80720387
R05E014,M,N,success,archive3595(1).tar,3622,R05E014_M_N,P05 StateFlux Round05 V4 | edge=R05E014 | LTKBID=LT00004 | compound=Acetaminophen | class=oxidation | role=M | state=N | source=existing_xTB | smiles=CC(=O)N=C1C=CC(=O)C=C1,True,8,0,-514.07923187
R05E014,P,ANI,success,archive3595(1).tar,3727,R05E014_P_ANI,P05 StateFlux Round05 V4 | edge=R05E014 | LTKBID=LT00004 | compound=Acetaminophen | class=oxidation | role=P | state=ANI | source=existing_xTB | smiles=CC(=O)Nc1ccc(O)cc1,True,8,0,-515.37376252
R05E014,P,CAT,success,archive3595(1).tar,3679,R05E014_P_CAT,P05 StateFlux Round05 V4 | edge=R05E014 | LTKBID=LT00004 | compound=Acetaminophen | class=oxidation | role=P | state=CAT | source=existing_xTB | smiles=CC(=O)Nc1ccc(O)cc1,True,8,0,-515.13831287
R05E014,P,N,success,archive3595(1).tar,3623,R05E014_P_N,P05 StateFlux Round05 V4 | edge=R05E014 | LTKBID=LT00004 | compound=Acetaminophen | class=oxidation | role=P | state=N | source=existing_xTB | smiles=CC(=O)Nc1ccc(O)cc1,True,8,0,-515.34730421
R05E015,M,ANI,success,archive3595(1).tar,3728,R05E015_M_ANI,P05 StateFlux Round05 V4 | edge=R05E015 | LTKBID=LT00160 | compound=Valproic acid | class=oxidation | role=M | state=ANI | source=existing_xTB | smiles=CCCC(CC(C)O)C(=O)O,True,8,0,-540.05304454
R05E015,M,CAT,success,archive3595(1).tar,3680,R05E015_M_CAT,P05 StateFlux Round05 V4 | edge=R05E015 | LTKBID=LT00160 | compound=Valproic acid | class=oxidation | role=M | state=CAT | source=existing_xTB | smiles=CCCC(CC(C)O)C(=O)O,True,8,0,-539.77339385
R05E015,M,N,success,archive3595(1).tar,3624,R05E015_M_N,P05 StateFlux Round05 V4 | edge=R05E015 | LTKBID=LT00160 | compound=Valproic acid | class=oxidation | role=M | state=N | source=existing_xTB | smiles=CCCC(CC(C)O)C(=O)O,True,8,0,-540.0479953
R05E015,P,ANI,success,archive3595(1).tar,3729,R05E015_P_ANI,P05 StateFlux Round05 V4 | edge=R05E015 | LTKBID=LT00160 | compound=Valproic acid | class=oxidation | role=P | state=ANI | source=existing_xTB | smiles=CCCC(CCC)C(=O)O,True,8,0,-464.8564735
R05E015,P,CAT,success,archive3595(1).tar,3681,R05E015_P_CAT,P05 StateFlux Round05 V4 | edge=R05E015 | LTKBID=LT00160 | compound=Valproic acid | class=oxidation | role=P | state=CAT | source=existing_xTB | smiles=CCCC(CCC)C(=O)O,True,8,0,-464.5579775
R05E015,P,N,success,archive3595(1).tar,3625,R05E015_P_N,P05 StateFlux Round05 V4 | edge=R05E015 | LTKBID=LT00160 | compound=Valproic acid | class=oxidation | role=P | state=N | source=existing_xTB | smiles=CCCC(CCC)C(=O)O,True,8,0,-464.84591232
R05E016,M,ANI,success,archive3595(1).tar,3730,R05E016_M_ANI,P05 StateFlux Round05 V4 | edge=R05E016 | LTKBID=LT00696 | compound=Isaxonine | class=oxidation | role=M | state=ANI | source=existing_xTB | smiles=CC(CO)Nc1ncccn1,True,8,0,-512.76613685
R05E016,M,CAT,success,archive3595(1).tar,3682,R05E016_M_CAT,P05 StateFlux Round05 V4 | edge=R05E016 | LTKBID=LT00696 | compound=Isaxonine | class=oxidation | role=M | state=CAT | source=existing_xTB | smiles=CC(CO)Nc1ncccn1,True,8,0,-512.49138167
R05E016,M,N,success,archive3595(1).tar,3626,R05E016_M_N,P05 StateFlux Round05 V4 | edge=R05E016 | LTKBID=LT00696 | compound=Isaxonine | class=oxidation | role=M | state=N | source=existing_xTB | smiles=CC(CO)Nc1ncccn1,True,8,0,-512.71302352
R05E016,P,ANI,success,archive3595(1).tar,3731,R05E016_P_ANI,P05 StateFlux Round05 V4 | edge=R05E016 | LTKBID=LT00696 | compound=Isaxonine | class=oxidation | role=P | state=ANI | source=existing_xTB | smiles=CC(C)Nc1ncccn1,True,8,0,-437.561057
R05E016,P,CAT,success,archive3595(1).tar,3683,R05E016_P_CAT,P05 StateFlux Round05 V4 | edge=R05E016 | LTKBID=LT00696 | compound=Isaxonine | class=oxidation | role=P | state=CAT | source=existing_xTB | smiles=CC(C)Nc1ncccn1,True,8,0,-437.29668809
R05E016,P,N,success,archive3595(1).tar,3627,R05E016_P_N,P05 StateFlux Round05 V4 | edge=R05E016 | LTKBID=LT00696 | compound=Isaxonine | class=oxidation | role=P | state=N | source=existing_xTB | smiles=CC(C)Nc1ncccn1,True,8,0,-437.51297109
R05E017,M,ANI,success,archive3595(1).tar,3732,R05E017_M_ANI,P05 StateFlux Round05 V4 | edge=R05E017 | LTKBID=LT00024 | compound=Mannitol | class=phaseII_conjugation | role=M | state=ANI | source=existing_xTB | smiles=O=C(O)C1OC(OC[C@@H](O)[C@@H](O)[C@H](O)[C@H](O)CO)C(O)C(O)C1O,True,8,0,-1372.86803592
R05E017,M,CAT,success,archive3595(1).tar,3684,R05E017_M_CAT,P05 StateFlux Round05 V4 | edge=R05E017 | LTKBID=LT00024 | compound=Mannitol | class=phaseII_conjugation | role=M | state=CAT | source=existing_xTB | smiles=O=C(O)C1OC(OC[C@@H](O)[C@@H](O)[C@H](O)[C@H](O)CO)C(O)C(O)C1O,True,8,0,-1372.58052625
R05E017,M,N,success,archive3595(1).tar,3628,R05E017_M_N,P05 StateFlux Round05 V4 | edge=R05E017 | LTKBID=LT00024 | compound=Mannitol | class=phaseII_conjugation | role=M | state=N | source=existing_xTB | smiles=O=C(O)C1OC(OC[C@@H](O)[C@@H](O)[C@H](O)[C@H](O)CO)C(O)C(O)C1O,True,8,0,-1372.84763834
R05E017,P,ANI,success,archive3595(1).tar,3733,R05E017_P_ANI,P05 StateFlux Round05 V4 | edge=R05E017 | LTKBID=LT00024 | compound=Mannitol | class=phaseII_conjugation | role=P | state=ANI | source=existing_xTB | smiles=OC[C@@H](O)[C@@H](O)[C@H](O)[C@H](O)CO,True,8,0,-688.21675216
R05E017,P,CAT,success,archive3595(1).tar,3685,R05E017_P_CAT,P05 StateFlux Round05 V4 | edge=R05E017 | LTKBID=LT00024 | compound=Mannitol | class=phaseII_conjugation | role=P | state=CAT | source=existing_xTB | smiles=OC[C@@H](O)[C@@H](O)[C@H](O)[C@H](O)CO,True,8,0,-687.95445328
R05E017,P,N,success,archive3595(1).tar,3629,R05E017_P_N,P05 StateFlux Round05 V4 | edge=R05E017 | LTKBID=LT00024 | compound=Mannitol | class=phaseII_conjugation | role=P | state=N | source=existing_xTB | smiles=OC[C@@H](O)[C@@H](O)[C@H](O)[C@H](O)CO,True,8,0,-688.21503969
R05E018,M,ANI,success,archive3757 (1).tar,3781,R05E018_M_ANI_RESCUE2,P05 StateFlux Round05 V4 RESCUE2 | edge=R05E018 | LTKBID=LT01262 | compound=Sapropterin dihydrochloride | class=phaseII_conjugation | role=M | state=ANI | source=existing_xTB | smiles=C[C@H](O)[C@H](OC1OC(C(=O)O)C(O)C(O)C1O)[C@H]1CNc2nc(N)[nH]c(=O)c2N1,True,7,2,-1535.89952311
R05E018,M,CAT,success,archive3595(1).tar,3686,R05E018_M_CAT,P05 StateFlux Round05 V4 | edge=R05E018 | LTKBID=LT01262 | compound=Sapropterin dihydrochloride | class=phaseII_conjugation | role=M | state=CAT | source=existing_xTB | smiles=C[C@H](O)[C@H](OC1OC(C(=O)O)C(O)C(O)C1O)[C@H]1CNc2nc(N)[nH]c(=O)c2N1,True,8,0,-1535.70378026
R05E018,M,N,success,archive3595(1).tar,3630,R05E018_M_N,P05 StateFlux Round05 V4 | edge=R05E018 | LTKBID=LT01262 | compound=Sapropterin dihydrochloride | class=phaseII_conjugation | role=M | state=N | source=existing_xTB | smiles=C[C@H](O)[C@H](OC1OC(C(=O)O)C(O)C(O)C1O)[C@H]1CNc2nc(N)[nH]c(=O)c2N1,True,8,0,-1535.88018029
R05E018,P,ANI,success,archive3595(1).tar,3735,R05E018_P_ANI,P05 StateFlux Round05 V4 | edge=R05E018 | LTKBID=LT01262 | compound=Sapropterin dihydrochloride | class=phaseII_conjugation | role=P | state=ANI | source=existing_xTB | smiles=C[C@H](O)[C@H](O)[C@H]1CNc2nc(N)[nH]c(=O)c2N1,True,8,0,-851.27084344
R05E018,P,CAT,success,archive3595(1).tar,3687,R05E018_P_CAT,P05 StateFlux Round05 V4 | edge=R05E018 | LTKBID=LT01262 | compound=Sapropterin dihydrochloride | class=phaseII_conjugation | role=P | state=CAT | source=existing_xTB | smiles=C[C@H](O)[C@H](O)[C@H]1CNc2nc(N)[nH]c(=O)c2N1,True,8,0,-851.07430869
R05E018,P,N,success,archive3595(1).tar,3631,R05E018_P_N,P05 StateFlux Round05 V4 | edge=R05E018 | LTKBID=LT01262 | compound=Sapropterin dihydrochloride | class=phaseII_conjugation | role=P | state=N | source=existing_xTB | smiles=C[C@H](O)[C@H](O)[C@H]1CNc2nc(N)[nH]c(=O)c2N1,True,8,0,-851.25031558
R05E019,M,ANI,success,archive3595(1).tar,3736,R05E019_M_ANI,P05 StateFlux Round05 V4 | edge=R05E019 | LTKBID=LT01486 | compound=Levocarnitine | class=phaseII_conjugation | role=M | state=ANI | source=existing_xTB | smiles=C[N+](C)(C)C[C@@H](CC(=O)O)OS(=O)(=O)[O-],True,8,0,-1179.82909879
R05E019,M,CAT,success,archive3595(1).tar,3688,R05E019_M_CAT,P05 StateFlux Round05 V4 | edge=R05E019 | LTKBID=LT01486 | compound=Levocarnitine | class=phaseII_conjugation | role=M | state=CAT | source=existing_xTB | smiles=C[N+](C)(C)C[C@@H](CC(=O)O)OS(=O)(=O)[O-],True,8,0,-1179.52964209
R05E019,M,N,success,archive3595(1).tar,3632,R05E019_M_N,P05 StateFlux Round05 V4 | edge=R05E019 | LTKBID=LT01486 | compound=Levocarnitine | class=phaseII_conjugation | role=M | state=N | source=existing_xTB | smiles=C[N+](C)(C)C[C@@H](CC(=O)O)OS(=O)(=O)[O-],True,8,0,-1179.81378691
R05E019,P,ANI,success,archive3595(1).tar,3737,R05E019_P_ANI,P05 StateFlux Round05 V4 | edge=R05E019 | LTKBID=LT01486 | compound=Levocarnitine | class=phaseII_conjugation | role=P | state=ANI | source=existing_xTB | smiles=C[N+](C)(C)C[C@H](O)CC(=O)[O-],True,8,0,-556.06180704
R05E019,P,CAT,success,archive3595(1).tar,3689,R05E019_P_CAT,P05 StateFlux Round05 V4 | edge=R05E019 | LTKBID=LT01486 | compound=Levocarnitine | class=phaseII_conjugation | role=P | state=CAT | source=existing_xTB | smiles=C[N+](C)(C)C[C@H](O)CC(=O)[O-],True,8,0,-555.82339499
R05E019,P,N,success,archive3595(1).tar,3633,R05E019_P_N,P05 StateFlux Round05 V4 | edge=R05E019 | LTKBID=LT01486 | compound=Levocarnitine | class=phaseII_conjugation | role=P | state=N | source=existing_xTB | smiles=C[N+](C)(C)C[C@H](O)CC(=O)[O-],True,8,0,-556.06732481
R05E020,M,ANI,success,archive3595(1).tar,3738,R05E020_M_ANI,P05 StateFlux Round05 V4 | edge=R05E020 | LTKBID=LT02009 | compound=Vitamin C | class=phaseII_conjugation | role=M | state=ANI | source=existing_xTB | smiles=O=C1O[C@H]([C@@H](O)COC2OC(C(=O)O)C(O)C(O)C2O)C(O)=C1O,True,8,0,-1369.28138603
R05E020,M,CAT,success,archive3595(1).tar,3690,R05E020_M_CAT,P05 StateFlux Round05 V4 | edge=R05E020 | LTKBID=LT02009 | compound=Vitamin C | class=phaseII_conjugation | role=M | state=CAT | source=existing_xTB | smiles=O=C1O[C@H]([C@@H](O)COC2OC(C(=O)O)C(O)C(O)C2O)C(O)=C1O,True,8,0,-1369.00492122
R05E020,M,N,success,archive3595(1).tar,3634,R05E020_M_N,P05 StateFlux Round05 V4 | edge=R05E020 | LTKBID=LT02009 | compound=Vitamin C | class=phaseII_conjugation | role=M | state=N | source=existing_xTB | smiles=O=C1O[C@H]([C@@H](O)COC2OC(C(=O)O)C(O)C(O)C2O)C(O)=C1O,True,8,0,-1369.23552826
R05E020,P,ANI,success,archive3595(1).tar,3739,R05E020_P_ANI,P05 StateFlux Round05 V4 | edge=R05E020 | LTKBID=LT02009 | compound=Vitamin C | class=phaseII_conjugation | role=P | state=ANI | source=existing_xTB | smiles=O=C1O[C@H]([C@@H](O)CO)C(O)=C1O,True,8,0,-684.65308319
R05E020,P,CAT,success,archive3595(1).tar,3691,R05E020_P_CAT,P05 StateFlux Round05 V4 | edge=R05E020 | LTKBID=LT02009 | compound=Vitamin C | class=phaseII_conjugation | role=P | state=CAT | source=existing_xTB | smiles=O=C1O[C@H]([C@@H](O)CO)C(O)=C1O,True,8,0,-684.37167708
R05E020,P,N,success,archive3595(1).tar,3635,R05E020_P_N,P05 StateFlux Round05 V4 | edge=R05E020 | LTKBID=LT02009 | compound=Vitamin C | class=phaseII_conjugation | role=P | state=N | source=existing_xTB | smiles=O=C1O[C@H]([C@@H](O)CO)C(O)=C1O,True,8,0,-684.60415815
R05E021,M,ANI,success,archive3595(1).tar,3740,R05E021_M_ANI,P05 StateFlux Round05 V4 | edge=R05E021 | LTKBID=LT00003 | compound=Mercaptopurine | class=phaseII_conjugation | role=M | state=ANI | source=existing_xTB | smiles=CSc1ncnc2nc[nH]c12,True,8,0,-849.36685733
R05E021,M,CAT,success,archive3595(1).tar,3692,R05E021_M_CAT,P05 StateFlux Round05 V4 | edge=R05E021 | LTKBID=LT00003 | compound=Mercaptopurine | class=phaseII_conjugation | role=M | state=CAT | source=existing_xTB | smiles=CSc1ncnc2nc[nH]c12,True,8,0,-849.06775183
R05E021,M,N,success,archive3595(1).tar,3643,R05E021_M_N,P05 StateFlux Round05 V4 | edge=R05E021 | LTKBID=LT00003 | compound=Mercaptopurine | class=phaseII_conjugation | role=M | state=N | source=existing_xTB | smiles=CSc1ncnc2nc[nH]c12,True,8,0,-849.30562907
R05E021,P,ANI,success,archive3595(1).tar,3741,R05E021_P_ANI,P05 StateFlux Round05 V4 | edge=R05E021 | LTKBID=LT00003 | compound=Mercaptopurine | class=phaseII_conjugation | role=P | state=ANI | source=existing_xTB | smiles=Sc1ncnc2nc[nH]c12,True,8,0,-810.06741997
R05E021,P,CAT,success,archive3595(1).tar,3693,R05E021_P_CAT,P05 StateFlux Round05 V4 | edge=R05E021 | LTKBID=LT00003 | compound=Mercaptopurine | class=phaseII_conjugation | role=P | state=CAT | source=existing_xTB | smiles=Sc1ncnc2nc[nH]c12,True,8,0,-809.75155759
R05E021,P,N,success,archive3595(1).tar,3644,R05E021_P_N,P05 StateFlux Round05 V4 | edge=R05E021 | LTKBID=LT00003 | compound=Mercaptopurine | class=phaseII_conjugation | role=P | state=N | source=existing_xTB | smiles=Sc1ncnc2nc[nH]c12,True,8,0,-810.00186192
R05E022,M,ANI,success,archive3783(1).tar,3785,R05E022_M_ANI_RESCUE3,P05 StateFlux Round05 V4 RESCUE3 | edge=R05E022 | LTKBID=LT00845 | compound=Oxandrolone | class=phaseII_conjugation | role=M | state=ANI | source=existing_xTB | smiles=C[C@]12COC(=O)C[C@@H]1CC[C@@H]1[C@@H]2CC[C@@]2(C)[C@H]1CC[C@]2(C)OC1OC(C(=O)O)C(O)C(O)C1O,True,5,3,-1652.21352352
R05E022,M,CAT,success,archive3757 (1).tar,3774,R05E022_M_CAT_RESCUE2,P05 StateFlux Round05 V4 RESCUE2 | edge=R05E022 | LTKBID=LT00845 | compound=Oxandrolone | class=phaseII_conjugation | role=M | state=CAT | source=existing_xTB | smiles=C[C@]12COC(=O)C[C@@H]1CC[C@@H]1[C@@H]2CC[C@@]2(C)[C@H]1CC[C@]2(C)OC1OC(C(=O)O)C(O)C(O)C1O,True,7,2,-1651.91496028
R05E022,M,N,success,archive3595(1).tar,3645,R05E022_M_N,P05 StateFlux Round05 V4 | edge=R05E022 | LTKBID=LT00845 | compound=Oxandrolone | class=phaseII_conjugation | role=M | state=N | source=existing_xTB | smiles=C[C@]12COC(=O)C[C@@H]1CC[C@@H]1[C@@H]2CC[C@@]2(C)[C@H]1CC[C@]2(C)OC1OC(C(=O)O)C(O)C(O)C1O,True,8,0,-1652.18938869
R05E022,P,ANI,success,archive3595(1).tar,3743,R05E022_P_ANI,P05 StateFlux Round05 V4 | edge=R05E022 | LTKBID=LT00845 | compound=Oxandrolone | class=phaseII_conjugation | role=P | state=ANI | source=existing_xTB | smiles=C[C@]12COC(=O)C[C@@H]1CC[C@@H]1[C@@H]2CC[C@@]2(C)[C@H]1CC[C@]2(C)O,True,8,0,-967.58252647
R05E022,P,CAT,success,archive3595(1).tar,3695,R05E022_P_CAT,P05 StateFlux Round05 V4 | edge=R05E022 | LTKBID=LT00845 | compound=Oxandrolone | class=phaseII_conjugation | role=P | state=CAT | source=existing_xTB | smiles=C[C@]12COC(=O)C[C@@H]1CC[C@@H]1[C@@H]2CC[C@@]2(C)[C@H]1CC[C@]2(C)O,True,8,0,-967.29877295
R05E022,P,N,success,archive3595(1).tar,3646,R05E022_P_N,P05 StateFlux Round05 V4 | edge=R05E022 | LTKBID=LT00845 | compound=Oxandrolone | class=phaseII_conjugation | role=P | state=N | source=existing_xTB | smiles=C[C@]12COC(=O)C[C@@H]1CC[C@@H]1[C@@H]2CC[C@@]2(C)[C@H]1CC[C@]2(C)O,True,8,0,-967.56708801
R05E023,M,ANI,success,archive3595(1).tar,3744,R05E023_M_ANI,P05 StateFlux Round05 V4 | edge=R05E023 | LTKBID=LT01345 | compound=Ethambutol hydrochloride | class=phaseII_conjugation | role=M | state=ANI | source=existing_xTB | smiles=CC[C@@H](CO)NCCN[C@@H](CC)COS(=O)(=O)O,True,8,0,-1279.0539345
R05E023,M,CAT,success,archive3595(1).tar,3696,R05E023_M_CAT,P05 StateFlux Round05 V4 | edge=R05E023 | LTKBID=LT01345 | compound=Ethambutol hydrochloride | class=phaseII_conjugation | role=M | state=CAT | source=existing_xTB | smiles=CC[C@@H](CO)NCCN[C@@H](CC)COS(=O)(=O)O,True,8,0,-1278.81857126
R05E023,M,N,success,archive3595(1).tar,3647,R05E023_M_N,P05 StateFlux Round05 V4 | edge=R05E023 | LTKBID=LT01345 | compound=Ethambutol hydrochloride | class=phaseII_conjugation | role=M | state=N | source=existing_xTB | smiles=CC[C@@H](CO)NCCN[C@@H](CC)COS(=O)(=O)O,True,8,0,-1279.05024658
R05E023,P,ANI,success,archive3595(1).tar,3745,R05E023_P_ANI,P05 StateFlux Round05 V4 | edge=R05E023 | LTKBID=LT01345 | compound=Ethambutol hydrochloride | class=phaseII_conjugation | role=P | state=ANI | source=existing_xTB | smiles=CC[C@@H](CO)NCCN[C@@H](CC)CO,True,8,0,-655.28989435
R05E023,P,CAT,success,archive3595(1).tar,3697,R05E023_P_CAT,P05 StateFlux Round05 V4 | edge=R05E023 | LTKBID=LT01345 | compound=Ethambutol hydrochloride | class=phaseII_conjugation | role=P | state=CAT | source=existing_xTB | smiles=CC[C@@H](CO)NCCN[C@@H](CC)CO,True,8,0,-655.06815899
R05E023,P,N,success,archive3595(1).tar,3648,R05E023_P_N,P05 StateFlux Round05 V4 | edge=R05E023 | LTKBID=LT01345 | compound=Ethambutol hydrochloride | class=phaseII_conjugation | role=P | state=N | source=existing_xTB | smiles=CC[C@@H](CO)NCCN[C@@H](CC)CO,True,8,0,-655.2868573
R05E024,M,ANI,success,archive3595(1).tar,3746,R05E024_M_ANI,P05 StateFlux Round05 V4 | edge=R05E024 | LTKBID=LT01651 | compound=Pentostatin | class=phaseII_conjugation | role=M | state=ANI | source=existing_xTB | smiles=O=C(O)C1OC(OC[C@H]2O[C@@H](n3cnc4c3N=CNC[C@H]4O)C[C@@H]2O)C(O)C(O)C1O,True,8,0,-1633.08641036
R05E024,M,CAT,success,archive3757 (1).tar,3775,R05E024_M_CAT_RESCUE2,P05 StateFlux Round05 V4 RESCUE2 | edge=R05E024 | LTKBID=LT01651 | compound=Pentostatin | class=phaseII_conjugation | role=M | state=CAT | source=existing_xTB | smiles=O=C(O)C1OC(OC[C@H]2O[C@@H](n3cnc4c3N=CNC[C@H]4O)C[C@@H]2O)C(O)C(O)C1O,True,7,2,-1632.87151143
R05E024,M,N,success,archive3595(1).tar,3650,R05E024_M_N,P05 StateFlux Round05 V4 | edge=R05E024 | LTKBID=LT01651 | compound=Pentostatin | class=phaseII_conjugation | role=M | state=N | source=existing_xTB | smiles=O=C(O)C1OC(OC[C@H]2O[C@@H](n3cnc4c3N=CNC[C@H]4O)C[C@@H]2O)C(O)C(O)C1O,True,8,0,-1633.06642398
R05E024,P,ANI,success,archive3595(1).tar,3747,R05E024_P_ANI,P05 StateFlux Round05 V4 | edge=R05E024 | LTKBID=LT01651 | compound=Pentostatin | class=phaseII_conjugation | role=P | state=ANI | source=existing_xTB | smiles=OC[C@H]1O[C@@H](n2cnc3c2N=CNC[C@H]3O)C[C@@H]1O,True,8,0,-948.46627182
R05E024,P,CAT,success,archive3595(1).tar,3699,R05E024_P_CAT,P05 StateFlux Round05 V4 | edge=R05E024 | LTKBID=LT01651 | compound=Pentostatin | class=phaseII_conjugation | role=P | state=CAT | source=existing_xTB | smiles=OC[C@H]1O[C@@H](n2cnc3c2N=CNC[C@H]3O)C[C@@H]1O,True,8,0,-948.2505333
R05E024,P,N,success,archive3595(1).tar,3651,R05E024_P_N,P05 StateFlux Round05 V4 | edge=R05E024 | LTKBID=LT01651 | compound=Pentostatin | class=phaseII_conjugation | role=P | state=N | source=existing_xTB | smiles=OC[C@H]1O[C@@H](n2cnc3c2N=CNC[C@H]3O)C[C@@H]1O,True,8,0,-948.44576306
