LTKBID,compound,y_true,p_ECFP,p_ECFP_StateCore,p_ECFP_FluxCore,p_ECFP_StateFluxCore
LT00040,Abacavir sulfate,1,0.49540145307728584,0.45983649709813673,0.3887504287693194,0.3351337492327722
LT01034,Acarbose,1,0.30302186220304617,0.26836502076706503,0.32667653858665224,0.31332954594266216
LT00004,Acetaminophen,1,0.6411244913150103,0.6591676065345927,0.709964105598271,0.6464723612640271
LT00498,Acetazolamide,1,0.5268824174487414,0.6547343962028398,0.6020383814514255,0.6393790956030209
LT02096,Acetylcholine chloride,0,0.10493420137162646,0.09448648651989425,0.09603725840744934,0.10204118467570182
LT01041,Acetylcysteine,0,0.2073026508705212,0.22768766491335182,0.24741660908897273,0.26847839971728005
LT01042,Acitretin,1,0.8057968347979262,0.8972858776266521,0.914798598879438,0.9205551423415077
LT01047,Adenosine,0,0.7018729625598124,0.6989860743199372,0.7758594307654817,0.7592915862493259
LT02213,Alaproclate,1,0.39505381300064324,0.40648214362567403,0.44428630870925756,0.3941818023490996
LT00461,Alatrofloxacin mesylate,1,0.675985427348633,0.7941092836106162,0.7648479534343354,0.8068667615180024
LT00499,Albendazole,1,0.526031903619768,0.537631752404417,0.5412582893448353,0.5146189518184682
LT01051,Albuterol,0,0.39172905689411025,0.38642834352847444,0.4042652174004173,0.3785251662674589
LT00692,Alclofenac,1,0.7284838334814607,0.7667346343924748,0.8070991095252389,0.7728357063448184
LT00925,Alfentanil hydrochloride,0,0.28448961652856897,0.2628462932030795,0.2941095109581038,0.26458780149713423
LT00043,Allopurinol,1,0.6454479324190558,0.6664125843514289,0.7390537450459146,0.7214354640435701
LT01053,Almotriptan malate,0,0.46639331502381476,0.4877844324144733,0.42980487262311484,0.44715156723584604
LT01060,Alpidem,1,0.7905687588556171,0.8287033893525655,0.8668744257457591,0.8443472001190313
LT01215,Alvimopan,0,0.2355085619734003,0.21737219699083474,0.20680810002961342,0.19448688921405993
LT01629,Ambenonium chloride,0,0.6127050728865353,0.655830532523944,0.6758827706061683,0.6491885209476985
LT01067,Amifostine,0,0.1621088224143179,0.20399519772114813,0.1601731494345551,0.1892567560790837
LT01068,Amikacin sulfate,0,0.19211570240477635,0.17425619824055022,0.23125820889284587,0.22936650694023125
LT00045,Amineptine,1,0.3377795474498885,0.29599065779232764,0.36662793228016705,0.3249814355198707
LT01071,Aminocaproic acid,0,0.13357616535250527,0.1329380272780783,0.18605404429947536,0.19512464399902563
LT00054,Aminohippurate sodium,0,0.7293362726322097,0.769476785094361,0.838096804635778,0.7940242222909131
LT00711,Aminophylline,0,0.7458796590784886,0.806606380227908,0.8352953066800033,0.8202850380800466
LT00505,Aminosalicylic acid ,1,0.8261299490327534,0.8832960117600213,0.910913355879995,0.902422270273948
LT00046,Amiodarone hydrochloride,1,0.5692431840069436,0.6788641526718762,0.6499817007726406,0.6965435019208519
LT00693,Aplaviroc,1,0.4719880474296194,0.5518512912653585,0.6278928176411908,0.6382961034381194
LT02217,Apomorphine hydrochloride,0,0.31641293222337746,0.3291477683063274,0.3664704295620651,0.3629679182602811
LT01030,Argatroban,0,0.34615881964783907,0.3902209010865883,0.36487925412755223,0.38050166822400505
LT02077,Arginine hydrochloride,0,0.1904656524608061,0.19183267930592945,0.19265018317674434,0.18980203507669638
LT01139,Atomoxetine hydrochloride,1,0.38904582447232233,0.36330601874637775,0.2969708644579069,0.2693399941967084
LT00258,Atorvastatin calcium,1,0.4978590690101535,0.4996146364618156,0.5732246201969742,0.5229108249510847
LT00917,Atracurium,0,0.4563867739442114,0.4528187617765191,0.4195442754984914,0.3643867172281285
LT00511,Atropine,0,0.10435609074609146,0.10050552295068774,0.09767792584772624,0.09689664264948233
LT00006,Azathioprine,1,0.5938586370244298,0.7626398948350974,0.6722798263802188,0.7379291935487644
LT00659,Bendamustine hydrochloride,0,0.6237854225898538,0.661700261294673,0.730156998210387,0.7269337444254886
LT01117,Bendazac,1,0.6647532443275571,0.7149411008173396,0.7514508290735786,0.7371344609467237
LT00513,Benoxaprofen,1,0.7420331510502775,0.8630919486527769,0.8265542807876324,0.8652896749330706
LT01120,Benzarone,1,0.5260083019605576,0.5727803709812943,0.5044702702307851,0.512487466369463
LT00278,Benzbromarone,1,0.5843833095565405,0.6691240965234899,0.5065215050861884,0.5439710841500562
LT01121,Benziodarone,1,0.5605216912766273,0.6466506785221233,0.5011818321674808,0.5374695165797978
LT00832,Benzphetamine hydrochloride,0,0.20733712182297834,0.17535311997698871,0.19596910618295452,0.18890184640495766
LT01123,Benztropine mesylate,0,0.27044543333803067,0.23766864759807058,0.2074949663319492,0.2009453660894358
LT02189,Betaine,0,0.19413935515768416,0.22342861744040587,0.25440884805083075,0.28813203441107105
LT00730,Bethanechol chloride,0,0.2297862476352001,0.20743669624573308,0.2605881846756948,0.20740318798498808
LT01064,Bexarotene,1,0.7527952126430956,0.825234986471947,0.8257110473108069,0.833095331349555
LT00056,Bicalutamide,1,0.70966583616245,0.7675769139604796,0.7732755158165113,0.7711993847099585
LT00817,Biperiden hydrochloride,0,0.05047398027098178,0.04875226090898356,0.045542109147618144,0.045679839003989364
LT01202,Bortezomib,1,0.43020984365998827,0.5046882390996037,0.4459582433335248,0.4933735464463821
LT01140,Bosentan,1,0.6581140590856076,0.7317295839343113,0.7613297793802729,0.7434956441302945
LT00519,Bromfenac sodium,1,0.728774549520656,0.7941572246407956,0.7907143128488701,0.8024969266335404
LT02076,Brompheniramine maleate,0,0.45750717136910896,0.4804570847426072,0.5140264160936585,0.49805722043386574
LT01144,Budesonide,0,0.46968969785773246,0.5481735214040746,0.5223787032979956,0.5197511537224188
LT00280,Busulfan,1,0.23120592176752108,0.16821432219644367,0.1805646370707693,0.14782543262054224
LT01151,Butorphanol tartrate,0,0.17560193432123267,0.1550131414181999,0.21097615528494887,0.19050328882074724
LT01152,Cabergoline,0,0.24521591753431154,0.31685776533775234,0.29933493730316657,0.35257018135800877
LT01888,Caffeine citrate,0,0.6969969399975968,0.7552620909845311,0.7893541042086382,0.7715747330561316
LT00899,Calcitriol,0,0.2930628539862966,0.26216915194367807,0.33219880742915125,0.3324765051106898
LT00947,Calcium acetate,0,0.2486848180974494,0.27035182936802526,0.26240324726125064,0.25541764835033176
LT00060,Carbamazepine,1,0.6605012759485531,0.6726151397284253,0.7612705384478127,0.7083727438573455
LT00759,Carbinoxamine maleate,0,0.42875442293289623,0.4551416312170889,0.4160370565573106,0.4125520308113943
LT00898,Carboprost tromethamine,0,0.2191165220086591,0.2001600977240671,0.2493001657541777,0.24977169756840806
LT02037,Carisoprodol,0,0.19200840278233017,0.16360813490471737,0.16146034042736795,0.14509651192578601
LT01196,Chloramphenicol,0,0.3680735382958046,0.5260382628880353,0.5241145530778306,0.5844569814356346
LT00009,Chlorpheniramine maleate,0,0.49809732914907173,0.5131266112320146,0.555329875616732,0.534371340777356
LT00067,Chlorzoxazone,1,0.6867008525002052,0.696292799376471,0.736385088476229,0.6875047688953544
LT01209,Cinacalcet hydrochloride,0,0.4419137899984154,0.4623519550845702,0.4010966014442768,0.3924607051967455
LT01219,Cinchophen,1,0.8358981889060801,0.9127090360727632,0.8906812359035111,0.9146819627321386
LT00178,Ciprofloxacin hydrochloride,1,0.6448829798536734,0.7045983070760509,0.7307974225627969,0.7227210115098196
LT00978,Cisatracurium besylate,0,0.4563867739442114,0.45036634223295036,0.4350276719164275,0.37308813355969833
LT00187,Clarithromycin,1,0.2958276140662673,0.2829344479755228,0.3034320509556868,0.28536026860454267
LT02222,Clemastine fumarate,0,0.3028771950700801,0.294468333323603,0.30389737082578494,0.2813362669929483
LT00644,Clevidipine,0,0.6742977578160254,0.7602366685947601,0.7895394114612999,0.7676576298028543
LT00694,Clomacran,1,0.571182137629332,0.5306246397727717,0.5194333904733522,0.48314830158444994
LT01228,Clometacin,1,0.8003902123014541,0.8379183752119278,0.8727899666028784,0.8618341695149379
LT00185,Clomipramine hydrochloride,1,0.688274790284929,0.6848396657466805,0.6935140110834048,0.669203848407363
LT00287,Clozapine,1,0.6690470022197477,0.7249461564404418,0.7028682202716872,0.720998907670449
LT01269,Codeine sulfate,0,0.2804232688874292,0.2475573588708822,0.20698339500242904,0.21974343261345805
LT01210,Conivaptan hydrochloride,0,0.7055085565919236,0.755779610735488,0.7808232503380509,0.7515154288702051
LT00734,Cortisone acetate,0,0.3842292976218593,0.44947042499078654,0.40934993900297617,0.4379972974506655
LT01250,Cyclofenil,1,0.6057878958840182,0.6242547644642586,0.6845132215950306,0.636142612828516
LT00209,Cytarabine,1,0.36973657049805664,0.33179762662124984,0.4287650626851919,0.39621987018140953
LT00288,Dacarbazine,1,0.627753784265298,0.7903718241104281,0.7339269847578814,0.798143351599889
LT00539,Danazol,1,0.44946993873541946,0.4611323875619974,0.42678128445142816,0.4046558403124686
LT00080,Dantrolene sodium,1,0.7486194824019664,0.8871459391030572,0.8698245870146042,0.89791615104038
LT01188,Darifenacin hydrobromide,0,0.2554286769320681,0.24473292812389894,0.28960366095493173,0.25808349822099114
LT00540,Daunorubicin hydrochloride,0,0.5359169443572573,0.8318306876306926,0.6238894991844164,0.8513259230252699
LT00810,Dexbrompheniramine maleate,0,0.45750717136910896,0.4707512101290807,0.499554335179086,0.4774608247547699
LT00682,Dexchlorpheniramine maleate,0,0.49809732914907173,0.504271597435155,0.5674779961963067,0.535720526853803
LT01972,Dexpanthenol,0,0.19248082397905156,0.1687403519498401,0.23242275525964776,0.21294788357128108
LT00870,Dextroamphetamine sulfate,0,0.29403985492067075,0.28507453708902875,0.3345252364937988,0.284401706539041
LT02056,Dextromethorphan polistirex,0,0.28537948025939297,0.253638472835686,0.3042363218873238,0.26395209279531484
LT00327,Dextrose,0,0.21144776301360158,0.18125326240689615,0.24093455380858333,0.19568904212348562
LT00774,Diatrizoate sodium,0,0.4364117669179497,0.56509825704438,0.528773759147897,0.5626136787800827
LT00084,Diclofenac sodium,1,0.6696967568786547,0.7055658689135674,0.7718575814830351,0.7462819177461338
LT00737,Dicyclomine hydrochloride,0,0.251117551035111,0.22697646879691122,0.2397014854872464,0.24160287397057373
LT01285,Didanosine,1,0.5504353460401955,0.5672426517965883,0.6123855296824889,0.6042561793066809
LT00806,Diethylpropion hydrochloride,0,0.5369927795006484,0.6432025966894199,0.6220525567581816,0.6447850147771076
LT00085,Diflunisal,1,0.803298321789315,0.8532637022578754,0.8572749700258264,0.8574402072242149
LT00292,Digoxin,0,0.4291923539546526,0.4563542217938895,0.4961323774684234,0.4429358497608401
LT02218,Dihydroergotamine mesylate,0,0.1916975432062971,0.3702889882552073,0.19510216180667275,0.3410169973778636
LT01292,Diltiazem hydrochloride,1,0.6267701539541927,0.677127542838696,0.6775729868829777,0.668392992648249
LT00545,Dimenhydrinate,0,0.3055137031653892,0.283004807818724,0.267833958617837,0.24596193021680243
LT00074,Dimercaprol,0,0.16460366494009832,0.1450035997386327,0.1694692732355499,0.16818437844409867
LT00087,Diphenhydramine hydrochloride,0,0.3055137031653892,0.284816522827425,0.26851879027534137,0.2482420045232366
LT01623,Diphenoxylate,0,0.12685708806607812,0.12749395289814755,0.09611987831888116,0.10239629070208908
LT00295,Disulfiram,1,0.22385854075070957,0.4166550476784884,0.264427212882652,0.4062740138428652
LT00684,Divalproex sodium,1,0.6785762942794349,0.6886111271859215,0.7301062691768226,0.7095507865744057
LT01308,Dobutamine hydrochloride,0,0.34552058504493444,0.34220221651067684,0.2838599427287248,0.2973864127888536
LT00015,Dopamine hydrochloride,0,0.4555797308502682,0.4774843220194115,0.580878241625298,0.5485828079010233
LT00547,Doxapram hydrochloride,0,0.3130420748136294,0.32153627888783154,0.2640359725775723,0.27217620508397883
LT00727,Doxylamine succinate,0,0.4436569654209202,0.4507111878547366,0.47304052779122047,0.4457290047146647
LT00671,Dronedarone hydrochloride,1,0.629421282314205,0.6891145761758664,0.6909993569867195,0.6929607267746379
LT01317,Droperidol,0,0.39136024785635054,0.4912657132724938,0.43941325085915234,0.4910421676327843
LT01318,Droxicam,1,0.5504393507587332,0.6783867931751097,0.6171993651599852,0.6917988534807699
LT02035,Duloxetine hydrochloride,1,0.4802676073133222,0.501683235527284,0.35895362384528817,0.3725536140949587
LT01112,Dutasteride,0,0.5986542671082813,0.6560180393307344,0.6532092002935658,0.6154067336286976
LT00740,Dyphylline,0,0.33995640409140565,0.36400625659931146,0.3702328341121466,0.3554792425043914
LT01849,Ebrotidine,1,0.7719422691174608,0.8407780103817336,0.8212635508420583,0.8294921012926068
LT02093,Edrophonium chloride,0,0.518219247046032,0.5352845513557611,0.6130679944632454,0.55061424761438
LT01323,Efavirenz,1,0.6865401743653677,0.7087628990056674,0.7360262980453977,0.7033071524659444
LT00663,Eltrombopag olamine,1,0.7276513442046655,0.8318039981419629,0.8066107917726626,0.8406821820133856
LT01666,Ephedrine sulfate,0,0.4569745411675224,0.4610595098893747,0.605073952012115,0.5822008176411197
LT00742,Epinephrine,0,0.4177996782221546,0.4382797429189223,0.43017846381912933,0.44144947311647337
LT01316,Epoetin alfa,0,0.3920443800624109,0.39117394149504653,0.46521648212787825,0.4441049776152699
LT00999,Eptifibatide,0,0.29671452354453465,0.3679695454789415,0.3289505109177612,0.40781295985752475
LT00194,Ergocalciferol,0,0.3877225796892099,0.3522254978541501,0.444625482837613,0.40195770297463007
LT01214,Erlotinib hydrochloride,1,0.73644371899864,0.7629105285023325,0.8088642069987904,0.7770384923630138
LT00092,Erythromycin estolate,1,0.2918028718869253,0.2793423674590979,0.2979764331889868,0.2891219269162064
LT02330,Erythropoietin,0,0.3920443800624109,0.38556000657524525,0.4631761614408602,0.43741176819946637
LT01333,Esmolol hydrochloride,0,0.4028668469721578,0.40799445370296283,0.5717061002357768,0.5309320177159372
LT01334,Estazolam,0,0.6117746002272406,0.686970744190065,0.6420822721616587,0.6572770499337846
LT01342,Estramustine phosphate sodium,1,0.49841324182815416,0.5150187291832748,0.47170376121744634,0.4597881448825281
LT01345,Ethambutol hydrochloride,1,0.11450279677077391,0.07815969866265407,0.04721034801205884,0.06195352637223128
LT00926,Ethanolamine oleate,0,0.31709722215642694,0.30892739784378354,0.33990430671084454,0.32164121971585685
LT01355,Etidronate disodium,0,0.19411900708773594,0.2023590881076196,0.21222012164128023,0.18326772387360044
LT01357,Etomidate,0,0.4840076776731438,0.5029513920787978,0.5096014741113493,0.48414005080517714
LT00653,Etravirine,1,0.757227378161199,0.808262569087146,0.8423599507949635,0.8240714097539064
LT00394,Exemestane,1,0.4722593890452259,0.5399324679199429,0.5291547925957228,0.5224246075424788
LT01359,Exifone,1,0.6978819548668901,0.7846737379946863,0.8109412769250733,0.8424677402067857
LT01870,Falnidamol,1,0.8017341102635225,0.8606916896070267,0.8477402412887803,0.8596802787755186
LT00554,Febuxostat,1,0.7291517964393879,0.8796933100397689,0.8029273047352932,0.8829039954805497
LT01846,Fenclozic acid,1,0.8399730009863099,0.9137514896589176,0.8728518210588888,0.9094368146126653
LT00944,Fenoldopam mesylate,0,0.49681633150034205,0.49173023787600467,0.5574054938522307,0.5208492214235488
LT00099,Fenoprofen calcium,1,0.5122295237268889,0.526308751985845,0.5682962402935374,0.5300239285965074
LT00590,Fesoterodine fumarate,0,0.3696388074875416,0.37599208827058295,0.3883534286271849,0.37876439428369957
LT01370,Fexofenadine hydrochloride,0,0.10171066474703865,0.09166903127587508,0.07812800430155914,0.08086703751045146
LT01371,Fialuridine,1,0.5139761698509273,0.5498538525549855,0.5929893963318517,0.5903471549652489
LT00701,Fiduxosin,1,0.5141429845676567,0.6994168953240608,0.5881969663379093,0.699833599250699
LT01372,Fipexide,1,0.6185899827128093,0.67496317074458,0.3740570572440712,0.4670079407559002
LT01382,Fludarabine phosphate,0,0.6892591506812863,0.7225220629884238,0.740928825628173,0.7382393593952534
LT00399,Fludrocortisone acetate,0,0.4701536726241266,0.5420736174899904,0.3805202172501314,0.42315486304917493
LT01384,Flumazenil,0,0.5972969860199402,0.7197832365587231,0.6496856219909248,0.7021775115675202
LT00894,Fluorescein sodium,0,0.5869965129427737,0.6906919347686427,0.7113627094017448,0.7324401353788458
LT00101,Flutamide,1,0.7232272457443214,0.8599091761077838,0.8260104190557863,0.8557341864129835
LT01580,Folic acid,0,0.4054229050700123,0.8122919519788272,0.47323857195583896,0.8036602500208272
LT01400,Fosphenytoin sodium,1,0.5208322749421282,0.551080003687735,0.5583399132194413,0.525777180506606
LT01054,Frovatriptan succinate,0,0.5477413536248602,0.5571994987097165,0.5941477260180437,0.5647806222394556
LT01127,Gadobenate dimeglumine,0,0.45625749977273256,0.5230418161230881,0.5342492147703255,0.5499001553848595
LT00528,Gadofosveset trisodium,0,0.2708076542960114,0.30393455463561336,0.2503274532445354,0.27872196043794467
LT00935,Gadopentetate dimeglumine,0,0.1358995053477708,0.15906366717898618,0.14905989861673336,0.20682622010323218
LT00952,Gadoteridol,0,0.13063473408810353,0.1598529563406505,0.1602040403587207,0.20358995884188805
LT01044,Gadoversetamide,0,0.1261554477897741,0.12569966363224166,0.14976632916606206,0.15696342221373144
LT02404,Gadoxetate disodium,0,0.4062088404283159,0.46123457341555996,0.4579421181012542,0.47910394970914066
LT00402,Gefitinib,1,0.7839632907724924,0.8293835361734636,0.8485078332003535,0.8256172984124326
LT01407,Gemcitabine hydrochloride,1,0.5420121623355378,0.546320247265324,0.5897830432708627,0.5442984541590571
LT00836,Glycopyrrolate,0,0.14022264066281973,0.12404383240876693,0.14744260030505701,0.12887091596992656
LT00558,Griseofulvin,1,0.6322921683626328,0.7183123357655521,0.7246870813551572,0.7239461142150649
LT01100,Guaifenesin,0,0.2650146363155269,0.24879033359260486,0.25370567486855944,0.21364185919278963
LT00829,Guanethidine monosulfate,0,0.19322777607860653,0.1708714148756469,0.03933468393990863,0.04450217682107048
LT00706,Histamine phosphate,0,0.4400147435120851,0.4517311354987067,0.5301741203096875,0.4870467600285034
LT00188,Hydrocortisone acetate,0,0.39114729011989546,0.4609621031670403,0.321657288123537,0.3707618447620286
LT00106,Hydroxyurea,1,0.1815202491437503,0.1371815493414346,0.20430995070477,0.15953847019553655
LT01437,Hydroxyzine hydrochloride,0,0.2237006214260028,0.22144179755380647,0.23082276457290826,0.2269370151223657
LT00560,Ibufenac,1,0.519471099371108,0.5584302137583954,0.6163045312100006,0.5790350407445973
LT00974,Ibutilide fumarate,0,0.5191821084513523,0.5331782063101725,0.57960106163957,0.5358876773832939
LT00107,Imatinib mesylate,1,0.6925509662681384,0.7474638416374947,0.6878185765599951,0.6948995330450793
LT00141,Indocyanine green,0,0.6361226121750109,0.8678520882224914,0.7591929129989103,0.8884304250538179
LT00022,Indomethacin,1,0.844816371344667,0.8991390378067013,0.9178312699034692,0.9120336577352136
LT01306,Interferon alfa-2b,1,0.734436933687723,0.8204783985577174,0.7838765532794713,0.8014789140295825
LT00257,Iothalamate meglumine,0,0.10353727134148638,0.07397462162139132,0.07345606231939995,0.09772931337640275
LT00419,Ioversol,0,0.31083410957918167,0.4072744418042314,0.4511141808506632,0.4885285023749602
LT00109,Iproniazid,1,0.4404128891675271,0.5598452551918205,0.44666202084430573,0.5243523911130231
LT00696,Isaxonine,1,0.3935378117308087,0.44226220826485296,0.41028451939729693,0.42710229032357505
LT00306,Isoniazid,1,0.5798213824617152,0.6900657869354625,0.6237425731767773,0.6740542641062773
LT00200,Isoproterenol hydrochloride,0,0.3891535117722916,0.40744185189928006,0.5245789404978944,0.525476897683385
LT00818,Isosorbide dinitrate,0,0.25271210661299576,0.37941230737875176,0.26989948343477277,0.3470949891735885
LT00234,Isotretinoin,1,0.5325186477853048,0.6831934742085211,0.7253351171113667,0.7502118521138355
LT02089,Isoxsuprine hydrochloride,0,0.3452025625736147,0.3188896030753126,0.25424939017567355,0.24718552743683478
LT00182,Itraconazole,1,0.7695559622516385,0.779272688905127,0.7906037415861078,0.7656145059843145
LT01477,Kanamycin,0,0.18923687604387232,0.1417470633701708,0.16689361719428278,0.16907351994818814
LT00111,Ketoconazole,1,0.8304786357920081,0.8414322068292182,0.8775961287505567,0.8388728465059465
LT00112,Labetalol hydrochloride,1,0.2378147411986534,0.24167380384024684,0.2406983124773892,0.2310432976123674
LT01481,Lamotrigine,1,0.6349374989289432,0.662230805033545,0.7104009610552171,0.6558960914944167
LT00493,Lanthanum carbonate,0,0.21796350098473,0.2621485778463183,0.23836166543333287,0.23624397814133147
LT02204,Lapatinib ditosylate,1,0.8496276287993106,0.8831312202146846,0.8672966822381014,0.8619621868037622
LT00113,Leflunomide,1,0.5835566152574693,0.6366087331981267,0.6519558952432536,0.6264223183178151
LT02192,Leucovorin calcium,0,0.3194409766743612,0.34872029219105305,0.3063597497697753,0.3069534552284171
LT01486,Levocarnitine,0,0.11791502199556718,0.09952299412049798,0.1205747850770404,0.11775666025497547
LT01488,Levofloxacin,1,0.8210960133369006,0.882378277240411,0.8932675678232116,0.8926865027262725
LT02437,Levoleucovorin,0,0.3194409766743612,0.3249711937002028,0.3441912394872457,0.3133160251033645
LT02442,Levomefolate calcium,0,0.19581799404623865,0.223629455027063,0.20230025737598742,0.210462922798648
LT01489,Levonorgestrel,0,0.46125026951289083,0.5177294824645917,0.5482298593095423,0.5158155245837741
LT00752,Levorphanol tartrate,0,0.15415472793454557,0.131700663110012,0.15741037910256675,0.1362826676711199
LT01905,Lidocaine,0,0.5277355963265513,0.5505693293407186,0.4385230333311802,0.46068718742252945
LT00783,Liothyronine sodium,0,0.44540445778603965,0.47852872906708066,0.5126006143159195,0.4996145547831457
LT02087,Loperamide hydrochloride,0,0.3342214946501425,0.3817618304394371,0.2976524604690684,0.3436056321466129
LT01498,Loratadine,0,0.6188227480491063,0.6459183275610363,0.6660119086998041,0.6419694143482783
LT00024,Mannitol,0,0.05338292408322463,0.037640839097764736,0.03560204150417785,0.0436010305273866
LT00640,Maraviroc,1,0.3398166662729518,0.2971703119829011,0.26991664427623546,0.24098899558991732
LT01508,Mebanazine,1,0.4568465982122456,0.44180242894748967,0.44930195258121364,0.3846945597987063
LT00781,Mecamylamine hydrochloride,0,0.29530888906357255,0.24452802849712305,0.3219705679910273,0.2659838347605011
LT00792,Meclizine hydrochloride,0,0.3413543888909035,0.35101096788403474,0.2997787388569541,0.30793926001874905
LT02110,Mepazine,1,0.5004229370057811,0.5107468285530045,0.5559236137458763,0.5066614715033846
LT00790,Mepenzolate bromide,0,0.12773699205839767,0.12154339413745677,0.1287849426168675,0.11692235600027086
LT00713,Meperidine hydrochloride,0,0.3919070001932339,0.3774088592039958,0.4004306128145772,0.3630298052697897
LT01521,Meprobamate,0,0.1864414076334803,0.15164389720135243,0.20375367179441986,0.1552948353940301
LT02086,Metaproterenol sulfate,0,0.35685371006979494,0.37233497006793453,0.5076397297799085,0.48775187341492154
LT00716,Methamphetamine hydrochloride,0,0.36932913125161465,0.3694873911387859,0.39140012861867557,0.3385118543523064
LT00580,Methimazole,1,0.5859087419086273,0.6356034733923861,0.6605672144940202,0.6765222894233205
LT01468,Methionine,0,0.2265673931258323,0.253958903901247,0.24815531490528958,0.25729302538965004
LT00026,Methotrexate sodium,1,0.35839364071186847,0.5970813716107239,0.4004106082295923,0.5799929551110454
LT01547,Methscopolamine bromide,0,0.10097060018526198,0.09376092146182093,0.09456439327328356,0.08324245069272523
LT00787,Methsuximide,0,0.45154113033590704,0.5461108565349575,0.5104318004360373,0.5372808005839484
LT00121,Methyldopa,1,0.5669829270937992,0.6207901621738314,0.7406462466450612,0.7339724070719453
LT02074,Methylergonovine maleate,0,0.26749796052066466,0.2486546816923668,0.2519414230810281,0.2540053756524221
LT00570,Methylnaltrexone bromide,0,0.24660173455281137,0.25174138376305266,0.25519695766803213,0.2622286189246231
LT02072,Methysergide maleate,0,0.42733420402195443,0.43094766658009115,0.42565045118696443,0.433441497464536
LT00838,Metyrapone,0,0.6553008503412372,0.7149290954337899,0.7339865929613134,0.7436337025024035
LT00895,Metyrosine,0,0.5232571030900434,0.5492695608473757,0.6615497366676424,0.6270679027904956
LT01553,Mexiletine hydrochloride,1,0.3919477808259647,0.3825518761056421,0.4261401078113701,0.35565148953556014
LT01557,Midazolam hydrochloride,0,0.5399812999552255,0.5951378557612726,0.5666212371072579,0.58086623931581
LT01558,Midodrine hydrochloride,0,0.4231482694911854,0.42471564644930615,0.4273241930552091,0.3881283760941569
LT00992,Miglitol,0,0.19400896901376058,0.1588272379614585,0.16762837235382616,0.20638610969376026
LT01126,Miglustat,0,0.29144686090629435,0.2595208624687017,0.2771999696871143,0.3402791103219223
LT01263,Milnacipran hydrochloride,1,0.3472749471234764,0.37208595317546383,0.36540929718195525,0.37353736456361936
LT00416,Minocycline hydrochloride,1,0.4167326958583729,0.6417091888419784,0.5827141746926661,0.6720077035578514
LT00587,Minoxidil,0,0.5621671259232357,0.5504008685548409,0.5961768623749939,0.5475231376247855
LT01564,Mitotane,0,0.4880925647024335,0.4739947114022801,0.5183764422696633,0.4797636877053959
LT00905,Morphine sulfate,0,0.22435554783515163,0.19014134432800361,0.16057388804828543,0.1712319757675977
LT00910,Nabilone,0,0.463897583074549,0.46972742391896627,0.5044263822302067,0.4649206427945362
LT01586,Nalbuphine hydrochloride,0,0.26029092728370146,0.2202483624740313,0.2833990572930408,0.2620969476436562
LT00592,Naloxone hydrochloride,0,0.28446038999014267,0.2974341374872376,0.34833043794708884,0.35332434483641506
LT02121,Nandrolone phenpropionate,1,0.3435387857298636,0.361246923453448,0.3342598364678519,0.33947545297691933
LT00124,Nefazodone hydrochloride,1,0.601619541828383,0.5785601073773219,0.5815117600168173,0.5290043412434953
LT00595,Neomycin sulfate,0,0.15580610321983418,0.11322544661609837,0.1286788947462124,0.14528763235610076
LT00312,Niacin,1,0.6642178845811357,0.7868961635210694,0.7245250774250874,0.7804507954511152
LT01600,Nilutamide,1,0.7666722282663615,0.8877521416156118,0.8552640563327019,0.8920256131980192
LT00314,Nimesulide,1,0.7049216061788373,0.8398744887866485,0.8379209573685339,0.8730787099669215
LT01602,Niperotidine,1,0.63744937099224,0.9019080169379077,0.7665110093275892,0.9056059722710392
LT01184,Nitazoxanide,0,0.7968759804930522,0.9321042129172044,0.9010681960939951,0.9382923064947025
LT01854,Nitrefazole,1,0.7499060812861632,0.8690857330610662,0.863651092710751,0.8817351018716151
LT00125,Nitrofurantoin,1,0.7275368294796809,0.8629924175170622,0.7621054466485325,0.8091535687728724
LT01608,Nitroglycerin,0,0.27871796551819206,0.3647584424746255,0.2747432968271559,0.336028355200216
LT01611,Nomifensine,1,0.4981320510731715,0.49422206202542984,0.5734403892518054,0.5105277598142783
LT00738,Norepinephrine bitartrate,0,0.3829735390636183,0.4004806322092381,0.4390562860418439,0.44719608398967736
LT02269,Norethindrone acetate,0,0.6064674003773772,0.6458594542283607,0.702343284569898,0.6490663896951018
LT01615,Nortriptyline hydrochloride,1,0.5008585197888167,0.49799595788542383,0.45171094154515357,0.43863726429452676
LT00602,Nystatin,0,0.4982627272816515,0.5556077967486772,0.5525043030044386,0.5097751402590324
LT02216,Orlistat,1,0.34353338189015753,0.31965916982656795,0.338174054776726,0.29988574991757233
LT02085,Orphenadrine hydrochloride,0,0.42399357914007857,0.39832392516680937,0.41658859669055326,0.3867899450325831
LT01181,Oxaliplatin,1,0.17256753908672132,0.13034515516451836,0.17836352877946343,0.140187044455842
LT00845,Oxandrolone,1,0.6011636411391124,0.5600540374710137,0.689055545332289,0.6384112888538971
LT00235,Oxymetholone,1,0.5786936413390652,0.6257217166832654,0.6884881820495556,0.6431280772600381
LT00808,Oxymorphone hydrochloride,0,0.3081914646177862,0.31642686647469587,0.32836227349444036,0.3281587053615699
LT00690,Oxyphenisatin,1,0.5044148560125136,0.4943277570781176,0.5574058250411393,0.51942726654823
LT02055,Pamabrom,0,0.63796962440884,0.7193530120098098,0.7288390647667319,0.7351422051692209
LT00867,Pancuronium bromide,0,0.13300829101309306,0.15080903349025487,0.11512385352177043,0.10960403787587966
LT01637,Papaverine hydrochloride,1,0.5831720192553507,0.6042259528950308,0.6585338844425145,0.6118248407323015
LT02061,Paromomycin sulfate,0,0.14949052809650096,0.10853538576988817,0.12667139943439154,0.1374428199062786
LT00672,Pazopanib hydrochloride,1,0.7117205479195053,0.7354505582769295,0.7675439099387507,0.7294795496005281
LT00246,Pemoline,1,0.6772252526257636,0.7360705027019121,0.7436953331173278,0.737614951613835
LT01644,Penbutolol sulfate,0,0.20714419912654325,0.1650266840071482,0.20175842508260416,0.2006009335651034
LT01648,Penicillin v potassium,0,0.5004730700591586,0.5532092039347484,0.5152153752052879,0.5529794380171333
LT00869,Pentagastrin,0,0.3503365287233856,0.3445146189145554,0.4136778580166582,0.38385497516773737
LT01650,Pentazocine lactate,0,0.15125837210586987,0.14327945213645885,0.17888337651401542,0.16712661088580844
LT00879,Pentetate calcium trisodium yb-169,0,0.1265148060548142,0.13471636271043683,0.14008063329853224,0.17181624420578318
LT01651,Pentostatin,1,0.43850340491048473,0.4520268639799904,0.4848382345370295,0.4834253992737474
LT01065,Perflutren,0,0.3438818559269858,0.26310549402552186,0.3531727708604243,0.22443073134143768
LT00131,Perhexiline,1,0.3730644400085178,0.2816716544537171,0.42695686719624903,0.3067554154398445
LT00826,Phendimetrazine tartrate,0,0.3904765002982123,0.3710542427502882,0.3828176871728511,0.3366059829463071
LT02082,Phenoxybenzamine hydrochloride,0,0.43083870447441763,0.41266614664458334,0.406445354062821,0.38299713416111947
LT00703,Phenoxypropazine,1,0.38402585288102686,0.352971134935893,0.36823429133396784,0.29985187384825546
LT00433,Phentolamine mesylate,0,0.4153156545513344,0.41249468162412384,0.4609269006649991,0.4146255128954087
LT00133,Physostigmine salicylate,0,0.44155603676786226,0.468845630073092,0.37669963778882565,0.4035327011454938
LT00780,Phytonadione,0,0.4260315700813454,0.6891296219177725,0.5564633293329674,0.705779247008981
LT01672,Pimozide,0,0.34314506382742627,0.336198209507461,0.3070809926575288,0.29670606234697133
LT01673,Pindolol,0,0.18351184504244297,0.16181974982373898,0.2055463795850593,0.19962054443485608
LT00697,Pipamazine,1,0.7200199663767106,0.7450933228801072,0.7357847879087134,0.7279600948133118
LT01680,Pirprofen,1,0.4947389714512352,0.5195545132517566,0.5309270691368553,0.5122402131641067
LT02340,Plerixafor,0,0.34578175040545533,0.36297037118233766,0.2758792495100203,0.2964748174151479
LT00698,Pralnacasan,1,0.4735484040200226,0.6016745255019439,0.5146103812276321,0.5906241533361417
LT00613,Primaquine phosphate,0,0.6012784024499264,0.6933244563844448,0.6584802711527729,0.6967858803873908
LT00261,Primidone,0,0.5012057270388406,0.47968482564059745,0.5434567320630486,0.4789206426494732
LT02219,Procyclidine hydrochloride,0,0.0365062361259262,0.03373597270592119,0.029189922392457095,0.03041254939377362
LT00753,Propantheline bromide,0,0.3721978397521518,0.3772972433488516,0.36160714677557604,0.353065928316741
LT00136,Propylthiouracil,1,0.598298007093167,0.6817217543937704,0.6797300442956801,0.69272428272174
LT00349,Protirelin,0,0.4010075006825436,0.3933869509343513,0.45982383316497694,0.4325844680046158
LT00848,Protriptyline hydrochloride,0,0.5733727600006888,0.5906489114827991,0.5956787658930363,0.5629202538235176
LT00137,Pseudoephedrine hydrochloride,0,0.4569745411675224,0.46291538277116684,0.47494485220937366,0.4367262416109572
LT01713,Pyrantel pamoate,0,0.5293093787641577,0.6580899496344378,0.6594296868163118,0.6949935267810032
LT01980,Pyridoxine hydrochloride,0,0.5418828328115024,0.5360871269197994,0.6393875907405484,0.5998887555693836
LT01721,Quazepam,0,0.5607640739465177,0.6687743010692848,0.6798577537336613,0.6736598560039024
LT00642,Raltegravir potassium,1,0.6010590364777755,0.6687365002425929,0.6645866878066877,0.6702975922022107
LT01217,Ramelteon,0,0.3216262502482695,0.27713930853705,0.37965502806853363,0.3156232575579077
LT01192,Ranolazine,0,0.22953812113562502,0.2123811697046598,0.17346684839244986,0.1648604967071227
LT00646,Regadenoson,0,0.6115880670132305,0.6522245956220533,0.7017761265441521,0.7142564249073093
LT01729,Reserpine,0,0.44047815349268304,0.49501313308342143,0.5018949941435557,0.5052175374470786
LT01479,Riboflavin 5'-phosphate,0,0.42981741349974,0.6504370294038145,0.5721567334685175,0.7082144826770708
LT00034,Rifampin,1,0.5424218091025811,0.7464739659595605,0.6765959062943677,0.7852456091793854
LT01731,Riluzole,1,0.7069237003115187,0.7314683059775966,0.7925995901312181,0.7469903194926476
LT00937,Rimantadine hydrochloride,0,0.2784467779623231,0.23653059471598178,0.2959627178672114,0.25284367029952515
LT01737,Ritonavir,1,0.48719524590022534,0.5547994433668993,0.5798808152935325,0.5964657461981269
LT00957,Rocuronium bromide,0,0.1220002807890487,0.107515619621451,0.10946413156454653,0.09968317670574552
LT00669,Romidepsin,0,0.5491237213959776,0.6010960252849252,0.5820406496837741,0.5475227573850324
LT01262,Sapropterin dihydrochloride,0,0.3090516797786474,0.30927486070291477,0.36793857387490025,0.3931888981212506
LT01974,Scopolamine,0,0.08692044658482104,0.07871447977189945,0.0888042050091957,0.07871127134296796
LT01749,Selegiline hydrochloride,0,0.2744540162405519,0.2600970685716972,0.2803741396026293,0.23564357788425244
LT01039,Sevelamer hydrochloride,0,0.15746398232612968,0.13116751886380704,0.2497624140549189,0.1693493294233713
LT02449,Sitaxsentan,1,0.7471160044552334,0.9039283494541099,0.8148961865412447,0.9050036455896663
LT02337,Sodium bicarbonate,0,0.22552268677023496,0.2649843711339705,0.22973896056107407,0.2387963163257512
LT00330,Sodium lactate,0,0.17148835423463865,0.21317209158505782,0.19129983032628967,0.2037412715702231
LT00480,Sodium oxybate,0,0.5992492225686142,0.6264140307722756,0.6770847603105972,0.6303282544802451
LT01241,Sorafenib tosylate,1,0.8071081216604836,0.8383068298459776,0.8548845062720533,0.8433521815059433
LT02010,Sorbitol,0,0.05963538077545975,0.043443441027621585,0.04447416755280298,0.05044328129346696
LT00144,Stavudine,1,0.6613412537816729,0.6772744416000925,0.6963377258562873,0.6753426485773207
LT00145,Streptomycin sulfate,0,0.3687744462127239,0.4632168989169937,0.5388746921670775,0.5676798188586936
LT00749,Succinylcholine chloride,0,0.10062514855001956,0.10170638076844714,0.10046003399996042,0.0995855498051995
LT00358,Sucralfate,0,0.5202889435175145,0.5834168692307472,0.5900267924883622,0.5638299954665126
LT00920,Sufentanil citrate,0,0.27331577784957417,0.29279636043837076,0.3338355773573942,0.31314007580093356
LT01816,suloctidil,1,0.4031868957265803,0.4282357388724633,0.49766849576116934,0.4659378106853637
LT00699,Sulfacarbamide,1,0.7357461414333952,0.7782641311280631,0.8630761594512573,0.826995942696773
LT00148,Sulindac,1,0.7473270218530625,0.8230910431679626,0.8139051033116493,0.8321829487953639
LT00565,Sunitinib malate,1,0.593791819053034,0.6566620089221236,0.6814659764993818,0.6577682313558433
LT00152,Tamoxifen citrate,1,0.48277144836095537,0.4771969854197458,0.46324611845511726,0.43784272633909255
LT00664,Tapentadol hydrochloride,0,0.3737851424702595,0.35987598199571474,0.3363710811557455,0.32082949492754903
LT00687,Tasosartan,1,0.604157207251489,0.6393322465690794,0.5610894512161801,0.5698578400433129
LT02329,Technetium tc-99m exametazime kit,0,0.25275251454267866,0.24798965486577917,0.19942259592344702,0.19813675969145952
LT01944,Telithromycin,1,0.7069762046106236,0.7403357359120475,0.7754557788958987,0.7658142755872472
LT01787,Terazosin hydrochloride,0,0.4946176923023516,0.4830801486746298,0.5071694957966353,0.4617642502635066
LT00634,Terbinafine hydrochloride,1,0.4590688454981497,0.4786277626962712,0.36298436474446494,0.3676354960333251
LT00223,Testosterone enanthate,1,0.5233006552518228,0.577370795643904,0.6173286301840066,0.5844683759634843
LT01858,Tetrabamate,1,0.48138164429374547,0.5929347843194087,0.5251115405144623,0.5697575998348204
LT00154,Theophylline sodium glycinate,0,0.7458796590784886,0.8068326470076199,0.8351607381438312,0.8204322849984882
LT01981,Thiamine hydrochloride,0,0.5685638655040656,0.782029443676563,0.6017981766012104,0.7092492172642109
LT00227,Ticlopidine hydrochloride,1,0.4907130400238682,0.5258336309320919,0.45274336645669216,0.4555184623131929
LT00636,Ticrynafen,1,0.6603505239085651,0.7687354165029876,0.7607151372394587,0.7851145539336294
LT00998,Tiludronate disodium,0,0.5502033652223292,0.6290965275248313,0.6445094789875452,0.6521865771354634
LT01220,Tipranavir,1,0.5387207329290811,0.6488116483383014,0.6602914219256297,0.6695258024694627
LT01037,Tirofiban hydrochloride,0,0.4566763430706251,0.4679657878594911,0.5337836081567396,0.4999748911779186
LT00155,Tizanidine hydrochloride,1,0.5839381776963312,0.805685242328255,0.6199721893314855,0.7934918299454063
LT01822,Tolrestat,1,0.5237365919848591,0.6651095105567343,0.6214538667885228,0.6690886318975903
LT01824,Topotecan hydrochloride,0,0.5910429599717826,0.7045086963231211,0.6684738703693334,0.7200987887735599
LT00923,Tranexamic acid,0,0.1257460231996411,0.12810562146753474,0.17168837914860458,0.18719624771554333
LT00700,Triacetyldiphenolisatin,1,0.6438085317599138,0.6730542343058021,0.7066826739676653,0.6777663159199309
LT00375,Trientine hydrochloride,0,0.1542699454481256,0.15230046502516387,0.16828348795168516,0.1615005860769002
LT01839,Trihexyphenidyl hydrochloride,0,0.03567340367914497,0.034347555077403044,0.03129056915849898,0.032554117661100744
LT00798,Triprolidine hydrochloride,0,0.5281960857680873,0.5577840624494679,0.5621580783307805,0.555911158202403
LT00168,Troglitazone,1,0.38882321680920506,0.5186346961774863,0.40899668981250237,0.4845032137503858
LT00516,Trospium chloride,0,0.14600747370430905,0.15836125345571506,0.17176681798093615,0.15988153556266874
LT00645,Trovafloxacin mesylate,1,0.7128608279087769,0.8311536525926174,0.7913481200650792,0.8418425587588901
LT02356,Tyramine,0,0.466833822222525,0.465704819885398,0.5259082891619336,0.46600652176584056
LT00929,Urofollitropin,0,0.3109350961955266,0.41808764316515346,0.25759053535417376,0.31453929336741004
LT00160,Valproic acid,1,0.6709092733577948,0.6977574776612778,0.742810481169444,0.7315980096371968
LT00916,Vecuronium bromide,0,0.10556421933691662,0.10614356737806403,0.08626324598591545,0.08511848578039971
LT02009,Vitamin C,0,0.2485389026217281,0.3076591608008768,0.3692953033529563,0.37424087074790185
LT01516,Vitamin E,0,0.4019452487517321,0.37934583327760213,0.42603476864092615,0.3708257178498079
LT01097,Voriconazole,1,0.49405111304941174,0.5436465896184427,0.5516864317817165,0.5432353481628465
LT00462,Vorinostat,0,0.5859632853616235,0.6067007500567174,0.710896823964762,0.6130832419033571
LT01867,Xenazoic acid,1,0.5689468882463539,0.6939536631553185,0.6566285615433116,0.7049682492691461
LT02033,Ximelagatran,1,0.3457657379986753,0.4294451536511696,0.38445204602697297,0.42844870953527464
LT01869,Zafirlukast,1,0.4667906187664972,0.5734891258009757,0.5283275668323961,0.5813363050774211
LT00648,Zaleplon,0,0.6086730369783455,0.7002194353912546,0.6998510068953532,0.7221265517679087
LT00163,Zidovudine,1,0.656690046623767,0.6778459046059016,0.7333709848194988,0.7264278737477071
LT01874,Zimelidine,1,0.5583126722682031,0.5911441853213106,0.5833082149587386,0.5800043272242114
